LAT,LON,KelasSH,Bulan,Id Kabkot,Id Prov,KategoriSH,SH,KategoriCH,KelasCH,CH
-8.15,110.65,> 200%,JUL,Gunungkidul,Daerah Istimewa Yogyakarta,Atas Normal,250.2671,Menengah,100 - 150 mm,117.4931
-8.15,110.7,> 200%,JUL,Gunungkidul,Daerah Istimewa Yogyakarta,Atas Normal,252.9744,Menengah,100 - 150 mm,103.6339
-8.15,110.75,> 200%,JUL,Gunungkidul,Daerah Istimewa Yogyakarta,Atas Normal,258.6855,Rendah,50 - 100 mm,88.59
-8.1,110.45,> 200%,JUL,Gunungkidul,Daerah Istimewa Yogyakarta,Atas Normal,240.2753,Rendah,50 - 100 mm,89.0151
-8.1,110.5,> 200%,JUL,Gunungkidul,Daerah Istimewa Yogyakarta,Atas Normal,240.4686,Rendah,50 - 100 mm,94.4338
-8.1,110.55,> 200%,JUL,Gunungkidul,Daerah Istimewa Yogyakarta,Atas Normal,240.0228,Menengah,100 - 150 mm,101.4895
-8.1,110.6,> 200%,JUL,Gunungkidul,Daerah Istimewa Yogyakarta,Atas Normal,239.7487,Menengah,100 - 150 mm,110.865
-8.1,110.65,> 200%,JUL,Gunungkidul,Daerah Istimewa Yogyakarta,Atas Normal,240.5477,Menengah,100 - 150 mm,108.3654
-8.1,110.7,> 200%,JUL,Gunungkidul,Daerah Istimewa Yogyakarta,Atas Normal,243.295,Rendah,50 - 100 mm,89.0207
-8.1,110.75,> 200%,JUL,Gunungkidul,Daerah Istimewa Yogyakarta,Atas Normal,248.9739,Rendah,50 - 100 mm,71.0148
-8.05,110.4,> 200%,JUL,Gunungkidul,Daerah Istimewa Yogyakarta,Atas Normal,231.7731,Rendah,50 - 100 mm,71.2125
-8.05,110.45,> 200%,JUL,Gunungkidul,Daerah Istimewa Yogyakarta,Atas Normal,231.9995,Rendah,50 - 100 mm,77.0904
-8.05,110.5,> 200%,JUL,Gunungkidul,Daerah Istimewa Yogyakarta,Atas Normal,231.4711,Rendah,50 - 100 mm,75.7327
-8.05,110.55,> 200%,JUL,Gunungkidul,Daerah Istimewa Yogyakarta,Atas Normal,230.7223,Rendah,50 - 100 mm,79.3809
-8.05,110.6,> 200%,JUL,Gunungkidul,Daerah Istimewa Yogyakarta,Atas Normal,230.4383,Rendah,50 - 100 mm,88.1895
-8.05,110.65,> 200%,JUL,Gunungkidul,Daerah Istimewa Yogyakarta,Atas Normal,231.2986,Rendah,50 - 100 mm,82.6861
-8.05,110.7,> 200%,JUL,Gunungkidul,Daerah Istimewa Yogyakarta,Atas Normal,234.0728,Rendah,50 - 100 mm,69.3013
-8.05,110.75,> 200%,JUL,Gunungkidul,Daerah Istimewa Yogyakarta,Atas Normal,239.6574,Rendah,50 - 100 mm,56.1098
-8,110.25,> 200%,JUL,Bantul,Daerah Istimewa Yogyakarta,Atas Normal,214.1484,Rendah,50 - 100 mm,64.1535
-8,110.3,> 200%,JUL,Bantul,Daerah Istimewa Yogyakarta,Atas Normal,215.7073,Rendah,50 - 100 mm,65.0221
-8,110.35,> 200%,JUL,Gunungkidul,Daerah Istimewa Yogyakarta,Atas Normal,218.4003,Rendah,50 - 100 mm,56.8974
-8,110.4,> 200%,JUL,Gunungkidul,Daerah Istimewa Yogyakarta,Atas Normal,223.2563,Rendah,50 - 100 mm,57.5173
-8,110.45,> 200%,JUL,Gunungkidul,Daerah Istimewa Yogyakarta,Atas Normal,223.1068,Rendah,50 - 100 mm,56.9986
-8,110.5,> 200%,JUL,Gunungkidul,Daerah Istimewa Yogyakarta,Atas Normal,222.4388,Rendah,50 - 100 mm,52.0082
-8,110.55,> 200%,JUL,Gunungkidul,Daerah Istimewa Yogyakarta,Atas Normal,221.7143,Rendah,50 - 100 mm,53.55
-8,110.6,> 200%,JUL,Gunungkidul,Daerah Istimewa Yogyakarta,Atas Normal,221.4681,Rendah,50 - 100 mm,59.1471
-8,110.65,> 200%,JUL,Gunungkidul,Daerah Istimewa Yogyakarta,Atas Normal,222.3223,Rendah,50 - 100 mm,62.3569
-8,110.7,> 200%,JUL,Gunungkidul,Daerah Istimewa Yogyakarta,Atas Normal,225.0055,Rendah,50 - 100 mm,50.8235
-8,110.75,> 200%,JUL,Gunungkidul,Daerah Istimewa Yogyakarta,Atas Normal,230.3759,Rendah,20 - 50 mm,40.1881
-7.95,110.25,> 200%,JUL,Bantul,Daerah Istimewa Yogyakarta,Atas Normal,206.9055,Rendah,50 - 100 mm,55.9262
-7.95,110.3,> 200%,JUL,Bantul,Daerah Istimewa Yogyakarta,Atas Normal,208.6503,Rendah,50 - 100 mm,54.2036
-7.95,110.35,> 200%,JUL,Bantul,Daerah Istimewa Yogyakarta,Atas Normal,211.2952,Rendah,20 - 50 mm,41.1757
-7.95,110.4,> 200%,JUL,Bantul,Daerah Istimewa Yogyakarta,Atas Normal,216.1665,Rendah,20 - 50 mm,31.4557
-7.95,110.45,> 200%,JUL,Gunungkidul,Daerah Istimewa Yogyakarta,Atas Normal,216.4096,Rendah,20 - 50 mm,40.4479
-7.95,110.5,> 200%,JUL,Gunungkidul,Daerah Istimewa Yogyakarta,Atas Normal,216.0338,Rendah,20 - 50 mm,42.3122
-7.95,110.55,> 200%,JUL,Gunungkidul,Daerah Istimewa Yogyakarta,Atas Normal,215.5681,Rendah,20 - 50 mm,42.6993
-7.95,110.6,> 200%,JUL,Gunungkidul,Daerah Istimewa Yogyakarta,Atas Normal,215.526,Rendah,20 - 50 mm,40.6116
-7.95,110.65,> 200%,JUL,Gunungkidul,Daerah Istimewa Yogyakarta,Atas Normal,216.4793,Rendah,20 - 50 mm,47.3961
-7.95,110.7,> 200%,JUL,Gunungkidul,Daerah Istimewa Yogyakarta,Atas Normal,219.0472,Rendah,20 - 50 mm,35.7526
-7.95,110.75,> 200%,JUL,Gunungkidul,Daerah Istimewa Yogyakarta,Atas Normal,223.6388,Rendah,20 - 50 mm,35.3494
-7.95,110.15,> 200%,JUL,Kulon Progo,Daerah Istimewa Yogyakarta,Atas Normal,203.6384,Rendah,50 - 100 mm,54.4012
-7.95,110.2,> 200%,JUL,Kulon Progo,Daerah Istimewa Yogyakarta,Atas Normal,205.4343,Rendah,50 - 100 mm,53.7085
-7.9,110.3,> 200%,JUL,Bantul,Daerah Istimewa Yogyakarta,Atas Normal,203.4575,Rendah,20 - 50 mm,43.5957
-7.9,110.35,> 200%,JUL,Bantul,Daerah Istimewa Yogyakarta,Atas Normal,206.0903,Rendah,20 - 50 mm,28.6953
-7.9,110.4,> 200%,JUL,Bantul,Daerah Istimewa Yogyakarta,Atas Normal,211.4557,Rendah,20 - 50 mm,34.025
-7.9,110.45,> 200%,JUL,Bantul,Daerah Istimewa Yogyakarta,Atas Normal,212.3009,Rendah,20 - 50 mm,42.6499
-7.9,110.5,> 200%,JUL,Gunungkidul,Daerah Istimewa Yogyakarta,Atas Normal,212.52,Rendah,50 - 100 mm,50.3833
-7.9,110.55,> 200%,JUL,Gunungkidul,Daerah Istimewa Yogyakarta,Atas Normal,212.573,Rendah,20 - 50 mm,48.8287
-7.9,110.6,> 200%,JUL,Gunungkidul,Daerah Istimewa Yogyakarta,Atas Normal,212.884,Rendah,20 - 50 mm,42.8871
-7.9,110.65,> 200%,JUL,Gunungkidul,Daerah Istimewa Yogyakarta,Atas Normal,213.8261,Rendah,20 - 50 mm,37.6599
-7.9,110.7,> 200%,JUL,Gunungkidul,Daerah Istimewa Yogyakarta,Atas Normal,215.447,Rendah,20 - 50 mm,31.6273
-7.9,110.75,> 200%,JUL,Gunungkidul,Daerah Istimewa Yogyakarta,Atas Normal,220.7995,Rendah,20 - 50 mm,32.7528
-7.9,110.05,150% - 200%,JUL,Kulon Progo,Daerah Istimewa Yogyakarta,Atas Normal,191.5834,Rendah,50 - 100 mm,63.1438
-7.9,110.1,150% - 200%,JUL,Kulon Progo,Daerah Istimewa Yogyakarta,Atas Normal,195.4969,Rendah,50 - 100 mm,54.6216
-7.9,110.15,150% - 200%,JUL,Kulon Progo,Daerah Istimewa Yogyakarta,Atas Normal,198.2768,Rendah,20 - 50 mm,45.4228
-7.9,110.2,> 200%,JUL,Kulon Progo,Daerah Istimewa Yogyakarta,Atas Normal,200.2701,Rendah,20 - 50 mm,42.8193
-7.9,110.25,> 200%,JUL,Kulon Progo,Daerah Istimewa Yogyakarta,Atas Normal,201.8764,Rendah,20 - 50 mm,46.7643
-7.85,110.25,150% - 200%,JUL,Bantul,Daerah Istimewa Yogyakarta,Atas Normal,197.3081,Rendah,20 - 50 mm,41.849
-7.85,110.3,150% - 200%,JUL,Bantul,Daerah Istimewa Yogyakarta,Atas Normal,198.8934,Rendah,20 - 50 mm,43.8999
-7.85,110.35,> 200%,JUL,Bantul,Daerah Istimewa Yogyakarta,Atas Normal,202.0856,Rendah,20 - 50 mm,40.2292
-7.85,110.4,> 200%,JUL,Bantul,Daerah Istimewa Yogyakarta,Atas Normal,207.8848,Rendah,20 - 50 mm,40.0501
-7.85,110.45,> 200%,JUL,Bantul,Daerah Istimewa Yogyakarta,Atas Normal,209.3061,Rendah,20 - 50 mm,45.4001
-7.85,110.5,> 200%,JUL,Gunungkidul,Daerah Istimewa Yogyakarta,Atas Normal,210.132,Rendah,50 - 100 mm,58.8959
-7.85,110.55,> 200%,JUL,Gunungkidul,Daerah Istimewa Yogyakarta,Atas Normal,210.6487,Rendah,20 - 50 mm,49.5068
-7.85,110.6,> 200%,JUL,Gunungkidul,Daerah Istimewa Yogyakarta,Atas Normal,211.0442,Rendah,20 - 50 mm,43.8754
-7.85,110.65,> 200%,JUL,Gunungkidul,Daerah Istimewa Yogyakarta,Atas Normal,211.1881,Rendah,20 - 50 mm,38.3937
-7.85,110.7,> 200%,JUL,Gunungkidul,Daerah Istimewa Yogyakarta,Atas Normal,213.9448,Rendah,20 - 50 mm,31.8345
-7.85,110.75,> 200%,JUL,Gunungkidul,Daerah Istimewa Yogyakarta,Atas Normal,221.4171,Rendah,20 - 50 mm,35.2664
-7.85,110.05,150% - 200%,JUL,Kulon Progo,Daerah Istimewa Yogyakarta,Atas Normal,187.0718,Rendah,50 - 100 mm,65.0243
-7.85,110.1,150% - 200%,JUL,Kulon Progo,Daerah Istimewa Yogyakarta,Atas Normal,191.023,Rendah,50 - 100 mm,50.3167
-7.85,110.15,150% - 200%,JUL,Kulon Progo,Daerah Istimewa Yogyakarta,Atas Normal,193.8998,Rendah,20 - 50 mm,41.9987
-7.85,110.2,150% - 200%,JUL,Kulon Progo,Daerah Istimewa Yogyakarta,Atas Normal,195.9324,Rendah,20 - 50 mm,38.6198
-7.8,110.4,> 200%,JUL,Bantul,Daerah Istimewa Yogyakarta,Atas Normal,204.4869,Rendah,20 - 50 mm,38.8821
-7.8,110.55,> 200%,JUL,Gunungkidul,Daerah Istimewa Yogyakarta,Atas Normal,208.3695,Rendah,20 - 50 mm,48.7587
-7.8,110.6,> 200%,JUL,Gunungkidul,Daerah Istimewa Yogyakarta,Atas Normal,208.1686,Rendah,20 - 50 mm,47.4409
-7.8,110.65,> 200%,JUL,Gunungkidul,Daerah Istimewa Yogyakarta,Atas Normal,209.667,Rendah,20 - 50 mm,40.0678
-7.8,110.35,150% - 200%,JUL,Kota Yogyakarta,Daerah Istimewa Yogyakarta,Atas Normal,198.3317,Rendah,20 - 50 mm,40.0366
-7.8,110.1,150% - 200%,JUL,Kulon Progo,Daerah Istimewa Yogyakarta,Atas Normal,186.7249,Rendah,50 - 100 mm,51.1596
-7.8,110.15,150% - 200%,JUL,Kulon Progo,Daerah Istimewa Yogyakarta,Atas Normal,189.5367,Rendah,20 - 50 mm,43.9695
-7.8,110.2,150% - 200%,JUL,Kulon Progo,Daerah Istimewa Yogyakarta,Atas Normal,191.272,Rendah,20 - 50 mm,40.8999
-7.8,110.25,150% - 200%,JUL,Sleman,Daerah Istimewa Yogyakarta,Atas Normal,192.6111,Rendah,20 - 50 mm,42.6556
-7.8,110.3,150% - 200%,JUL,Sleman,Daerah Istimewa Yogyakarta,Atas Normal,194.7065,Rendah,20 - 50 mm,44.6105
-7.8,110.45,> 200%,JUL,Sleman,Daerah Istimewa Yogyakarta,Atas Normal,206.3965,Rendah,20 - 50 mm,38.5103
-7.8,110.5,> 200%,JUL,Sleman,Daerah Istimewa Yogyakarta,Atas Normal,207.6896,Rendah,20 - 50 mm,44.8075
-7.75,110.15,> 200%,JUL,Kulon Progo,Daerah Istimewa Yogyakarta,Atas Normal,200.6649,Rendah,50 - 100 mm,52.3077
-7.75,110.2,> 200%,JUL,Kulon Progo,Daerah Istimewa Yogyakarta,Atas Normal,202.2757,Rendah,20 - 50 mm,48.2074
-7.75,110.25,> 200%,JUL,Sleman,Daerah Istimewa Yogyakarta,Atas Normal,204.0015,Rendah,20 - 50 mm,48.7077
-7.75,110.3,> 200%,JUL,Sleman,Daerah Istimewa Yogyakarta,Atas Normal,206.4814,Rendah,50 - 100 mm,51.4816
-7.75,110.35,> 200%,JUL,Sleman,Daerah Istimewa Yogyakarta,Atas Normal,210.5413,Rendah,20 - 50 mm,47.7997
-7.75,110.4,> 200%,JUL,Sleman,Daerah Istimewa Yogyakarta,Atas Normal,217.2374,Rendah,20 - 50 mm,48.4202
-7.75,110.45,> 200%,JUL,Sleman,Daerah Istimewa Yogyakarta,Atas Normal,218.5072,Rendah,20 - 50 mm,45.1479
-7.7,110.15,> 200%,JUL,Kulon Progo,Daerah Istimewa Yogyakarta,Atas Normal,210.5861,Rendah,50 - 100 mm,62.0442
-7.7,110.2,> 200%,JUL,Kulon Progo,Daerah Istimewa Yogyakarta,Atas Normal,212.5002,Rendah,50 - 100 mm,53.6932
-7.7,110.25,> 200%,JUL,Kulon Progo,Daerah Istimewa Yogyakarta,Atas Normal,214.5001,Rendah,50 - 100 mm,54.0504
-7.7,110.3,> 200%,JUL,Sleman,Daerah Istimewa Yogyakarta,Atas Normal,217.2704,Rendah,50 - 100 mm,58.8542
-7.7,110.35,> 200%,JUL,Sleman,Daerah Istimewa Yogyakarta,Atas Normal,221.6766,Rendah,50 - 100 mm,74.8112
-7.7,110.4,> 200%,JUL,Sleman,Daerah Istimewa Yogyakarta,Atas Normal,228.8224,Rendah,50 - 100 mm,68.9724
-7.7,110.45,> 200%,JUL,Sleman,Daerah Istimewa Yogyakarta,Atas Normal,229.1773,Rendah,50 - 100 mm,64.296
-7.65,110.15,> 200%,JUL,Kulon Progo,Daerah Istimewa Yogyakarta,Atas Normal,219.0814,Rendah,50 - 100 mm,72.4972
-7.65,110.25,> 200%,JUL,Kulon Progo,Daerah Istimewa Yogyakarta,Atas Normal,223.295,Rendah,50 - 100 mm,61.1983
-7.65,110.35,> 200%,JUL,Sleman,Daerah Istimewa Yogyakarta,Atas Normal,230.8486,Menengah,100 - 150 mm,107.2366
-7.65,110.4,> 200%,JUL,Sleman,Daerah Istimewa Yogyakarta,Atas Normal,238.295,Rendah,50 - 100 mm,90.4794
-7.65,110.45,> 200%,JUL,Sleman,Daerah Istimewa Yogyakarta,Atas Normal,237.2655,Rendah,50 - 100 mm,75.8733
-7.6,110.4,> 200%,JUL,Sleman,Daerah Istimewa Yogyakarta,Atas Normal,244.5963,Rendah,50 - 100 mm,85.4368
-7.6,110.45,> 200%,JUL,Sleman,Daerah Istimewa Yogyakarta,Atas Normal,243.1627,Rendah,50 - 100 mm,84.8213
-7.55,110.45,> 200%,JUL,Sleman,Daerah Istimewa Yogyakarta,Atas Normal,243.7972,Rendah,50 - 100 mm,93.9298
