LAT,LON,KelasCH,Bulan,Id Kabkot,Id Prov,CH,KategoriCH,KategoriSH,KelasSH,SH
-8.15,110.65,200 - 300 mm,APR,Gunungkidul,Daerah Istimewa Yogyakarta,210.2132,Menengah,Atas Normal,115% - 150%,116.1764
-8.15,110.7,200 - 300 mm,APR,Gunungkidul,Daerah Istimewa Yogyakarta,204.4253,Menengah,Atas Normal,115% - 150%,115.7366
-8.15,110.75,150 - 200 mm,APR,Gunungkidul,Daerah Istimewa Yogyakarta,197.3355,Menengah,Atas Normal,115% - 150%,115.5267
-8.1,110.45,150 - 200 mm,APR,Gunungkidul,Daerah Istimewa Yogyakarta,190.7659,Menengah,Normal,85% - 115%,112.8784
-8.1,110.5,150 - 200 mm,APR,Gunungkidul,Daerah Istimewa Yogyakarta,185.031,Menengah,Normal,85% - 115%,112.0006
-8.1,110.55,150 - 200 mm,APR,Gunungkidul,Daerah Istimewa Yogyakarta,187.0728,Menengah,Normal,85% - 115%,111.7141
-8.1,110.6,150 - 200 mm,APR,Gunungkidul,Daerah Istimewa Yogyakarta,199.5212,Menengah,Normal,85% - 115%,111.8435
-8.1,110.65,200 - 300 mm,APR,Gunungkidul,Daerah Istimewa Yogyakarta,206.5033,Menengah,Normal,85% - 115%,112.1743
-8.1,110.7,200 - 300 mm,APR,Gunungkidul,Daerah Istimewa Yogyakarta,202.8404,Menengah,Normal,85% - 115%,112.0517
-8.1,110.75,150 - 200 mm,APR,Gunungkidul,Daerah Istimewa Yogyakarta,196.5958,Menengah,Normal,85% - 115%,112.0738
-8.05,110.4,150 - 200 mm,APR,Gunungkidul,Daerah Istimewa Yogyakarta,180.2934,Menengah,Normal,85% - 115%,109.5997
-8.05,110.45,150 - 200 mm,APR,Gunungkidul,Daerah Istimewa Yogyakarta,184.289,Menengah,Normal,85% - 115%,109.7186
-8.05,110.5,150 - 200 mm,APR,Gunungkidul,Daerah Istimewa Yogyakarta,170.2934,Menengah,Normal,85% - 115%,108.0263
-8.05,110.55,150 - 200 mm,APR,Gunungkidul,Daerah Istimewa Yogyakarta,169.2454,Menengah,Normal,85% - 115%,106.8972
-8.05,110.6,150 - 200 mm,APR,Gunungkidul,Daerah Istimewa Yogyakarta,191.3808,Menengah,Normal,85% - 115%,107.228
-8.05,110.65,200 - 300 mm,APR,Gunungkidul,Daerah Istimewa Yogyakarta,200.7197,Menengah,Normal,85% - 115%,107.6634
-8.05,110.7,200 - 300 mm,APR,Gunungkidul,Daerah Istimewa Yogyakarta,204.1775,Menengah,Normal,85% - 115%,108.5612
-8.05,110.75,150 - 200 mm,APR,Gunungkidul,Daerah Istimewa Yogyakarta,199.5857,Menengah,Normal,85% - 115%,109.2131
-8,110.25,200 - 300 mm,APR,Bantul,Daerah Istimewa Yogyakarta,202.0852,Menengah,Normal,85% - 115%,101.5811
-8,110.3,150 - 200 mm,APR,Bantul,Daerah Istimewa Yogyakarta,199.6591,Menengah,Normal,85% - 115%,103.2188
-8,110.35,150 - 200 mm,APR,Gunungkidul,Daerah Istimewa Yogyakarta,179.5242,Menengah,Normal,85% - 115%,104.6935
-8,110.4,150 - 200 mm,APR,Gunungkidul,Daerah Istimewa Yogyakarta,176.598,Menengah,Normal,85% - 115%,106.2901
-8,110.45,150 - 200 mm,APR,Gunungkidul,Daerah Istimewa Yogyakarta,176.595,Menengah,Normal,85% - 115%,105.7954
-8,110.5,150 - 200 mm,APR,Gunungkidul,Daerah Istimewa Yogyakarta,165.3643,Menengah,Normal,85% - 115%,104.2478
-8,110.55,150 - 200 mm,APR,Gunungkidul,Daerah Istimewa Yogyakarta,175.8925,Menengah,Normal,85% - 115%,103.2777
-8,110.6,150 - 200 mm,APR,Gunungkidul,Daerah Istimewa Yogyakarta,196.033,Menengah,Normal,85% - 115%,103.1347
-8,110.65,200 - 300 mm,APR,Gunungkidul,Daerah Istimewa Yogyakarta,200.6241,Menengah,Normal,85% - 115%,103.4768
-8,110.7,200 - 300 mm,APR,Gunungkidul,Daerah Istimewa Yogyakarta,203.5686,Menengah,Normal,85% - 115%,105.556
-8,110.75,150 - 200 mm,APR,Gunungkidul,Daerah Istimewa Yogyakarta,188.5135,Menengah,Normal,85% - 115%,106.2171
-7.95,110.25,200 - 300 mm,APR,Bantul,Daerah Istimewa Yogyakarta,204.2012,Menengah,Normal,85% - 115%,100.4344
-7.95,110.3,200 - 300 mm,APR,Bantul,Daerah Istimewa Yogyakarta,205.9224,Menengah,Normal,85% - 115%,101.6782
-7.95,110.35,150 - 200 mm,APR,Bantul,Daerah Istimewa Yogyakarta,183.1885,Menengah,Normal,85% - 115%,101.4473
-7.95,110.4,150 - 200 mm,APR,Bantul,Daerah Istimewa Yogyakarta,157.7331,Menengah,Normal,85% - 115%,101.4738
-7.95,110.45,150 - 200 mm,APR,Gunungkidul,Daerah Istimewa Yogyakarta,184.7935,Menengah,Normal,85% - 115%,102.7644
-7.95,110.5,150 - 200 mm,APR,Gunungkidul,Daerah Istimewa Yogyakarta,193.5873,Menengah,Normal,85% - 115%,102.2983
-7.95,110.55,200 - 300 mm,APR,Gunungkidul,Daerah Istimewa Yogyakarta,211.8928,Menengah,Normal,85% - 115%,102.5371
-7.95,110.6,200 - 300 mm,APR,Gunungkidul,Daerah Istimewa Yogyakarta,213.4218,Menengah,Normal,85% - 115%,102.8094
-7.95,110.65,200 - 300 mm,APR,Gunungkidul,Daerah Istimewa Yogyakarta,206.4651,Menengah,Normal,85% - 115%,103.0641
-7.95,110.7,150 - 200 mm,APR,Gunungkidul,Daerah Istimewa Yogyakarta,182.4061,Menengah,Normal,85% - 115%,103.1172
-7.95,110.75,150 - 200 mm,APR,Gunungkidul,Daerah Istimewa Yogyakarta,169.0712,Menengah,Normal,85% - 115%,104.024
-7.95,110.15,150 - 200 mm,APR,Kulon Progo,Daerah Istimewa Yogyakarta,178.3122,Menengah,Normal,85% - 115%,95.797
-7.95,110.2,150 - 200 mm,APR,Kulon Progo,Daerah Istimewa Yogyakarta,186.0113,Menengah,Normal,85% - 115%,98.324
-7.9,110.3,200 - 300 mm,APR,Bantul,Daerah Istimewa Yogyakarta,213.4734,Menengah,Normal,85% - 115%,100.7241
-7.9,110.35,150 - 200 mm,APR,Bantul,Daerah Istimewa Yogyakarta,195.4161,Menengah,Normal,85% - 115%,99.1888
-7.9,110.4,200 - 300 mm,APR,Bantul,Daerah Istimewa Yogyakarta,213.3117,Menengah,Normal,85% - 115%,101.322
-7.9,110.45,200 - 300 mm,APR,Bantul,Daerah Istimewa Yogyakarta,219.702,Menengah,Normal,85% - 115%,102.1834
-7.9,110.5,200 - 300 mm,APR,Gunungkidul,Daerah Istimewa Yogyakarta,229.7565,Menengah,Normal,85% - 115%,102.4507
-7.9,110.55,200 - 300 mm,APR,Gunungkidul,Daerah Istimewa Yogyakarta,247.019,Menengah,Normal,85% - 115%,103.8085
-7.9,110.6,200 - 300 mm,APR,Gunungkidul,Daerah Istimewa Yogyakarta,218.6211,Menengah,Normal,85% - 115%,103.4273
-7.9,110.65,150 - 200 mm,APR,Gunungkidul,Daerah Istimewa Yogyakarta,189.6212,Menengah,Normal,85% - 115%,102.7684
-7.9,110.7,150 - 200 mm,APR,Gunungkidul,Daerah Istimewa Yogyakarta,162.1448,Menengah,Normal,85% - 115%,101.9609
-7.9,110.75,150 - 200 mm,APR,Gunungkidul,Daerah Istimewa Yogyakarta,163.687,Menengah,Normal,85% - 115%,103.1122
-7.9,110.05,150 - 200 mm,APR,Kulon Progo,Daerah Istimewa Yogyakarta,177.0953,Menengah,Normal,85% - 115%,91.0152
-7.9,110.1,150 - 200 mm,APR,Kulon Progo,Daerah Istimewa Yogyakarta,180.5762,Menengah,Normal,85% - 115%,92.9168
-7.9,110.15,150 - 200 mm,APR,Kulon Progo,Daerah Istimewa Yogyakarta,178.2202,Menengah,Normal,85% - 115%,95.9553
-7.9,110.2,150 - 200 mm,APR,Kulon Progo,Daerah Istimewa Yogyakarta,183.8898,Menengah,Normal,85% - 115%,98.8732
-7.9,110.25,150 - 200 mm,APR,Kulon Progo,Daerah Istimewa Yogyakarta,195.6859,Menengah,Normal,85% - 115%,101.0719
-7.85,110.25,200 - 300 mm,APR,Bantul,Daerah Istimewa Yogyakarta,201.1737,Menengah,Normal,85% - 115%,100.4795
-7.85,110.3,200 - 300 mm,APR,Bantul,Daerah Istimewa Yogyakarta,246.46,Menengah,Normal,85% - 115%,99.6803
-7.85,110.35,200 - 300 mm,APR,Bantul,Daerah Istimewa Yogyakarta,265.0299,Menengah,Normal,85% - 115%,100.0881
-7.85,110.4,200 - 300 mm,APR,Bantul,Daerah Istimewa Yogyakarta,244.214,Menengah,Normal,85% - 115%,100.8355
-7.85,110.45,200 - 300 mm,APR,Bantul,Daerah Istimewa Yogyakarta,236.0532,Menengah,Normal,85% - 115%,101.722
-7.85,110.5,200 - 300 mm,APR,Gunungkidul,Daerah Istimewa Yogyakarta,237.0314,Menengah,Normal,85% - 115%,102.9251
-7.85,110.55,200 - 300 mm,APR,Gunungkidul,Daerah Istimewa Yogyakarta,214.0796,Menengah,Normal,85% - 115%,103.7636
-7.85,110.6,200 - 300 mm,APR,Gunungkidul,Daerah Istimewa Yogyakarta,200.9901,Menengah,Normal,85% - 115%,103.5075
-7.85,110.65,150 - 200 mm,APR,Gunungkidul,Daerah Istimewa Yogyakarta,181.5223,Menengah,Normal,85% - 115%,102.4812
-7.85,110.7,150 - 200 mm,APR,Gunungkidul,Daerah Istimewa Yogyakarta,167.7964,Menengah,Normal,85% - 115%,102.2812
-7.85,110.75,150 - 200 mm,APR,Gunungkidul,Daerah Istimewa Yogyakarta,187.0749,Menengah,Normal,85% - 115%,104.1039
-7.85,110.05,150 - 200 mm,APR,Kulon Progo,Daerah Istimewa Yogyakarta,187.6775,Menengah,Normal,85% - 115%,91.2447
-7.85,110.1,150 - 200 mm,APR,Kulon Progo,Daerah Istimewa Yogyakarta,189.236,Menengah,Normal,85% - 115%,93.7086
-7.85,110.15,150 - 200 mm,APR,Kulon Progo,Daerah Istimewa Yogyakarta,184.2643,Menengah,Normal,85% - 115%,96.6338
-7.85,110.2,150 - 200 mm,APR,Kulon Progo,Daerah Istimewa Yogyakarta,176.0573,Menengah,Normal,85% - 115%,99.6123
-7.8,110.4,200 - 300 mm,APR,Bantul,Daerah Istimewa Yogyakarta,255.8292,Menengah,Normal,85% - 115%,99.281
-7.8,110.55,150 - 200 mm,APR,Gunungkidul,Daerah Istimewa Yogyakarta,191.28,Menengah,Normal,85% - 115%,103.6762
-7.8,110.6,150 - 200 mm,APR,Gunungkidul,Daerah Istimewa Yogyakarta,181.2135,Menengah,Normal,85% - 115%,102.7922
-7.8,110.65,150 - 200 mm,APR,Gunungkidul,Daerah Istimewa Yogyakarta,184.7095,Menengah,Normal,85% - 115%,101.8113
-7.8,110.35,200 - 300 mm,APR,Kota Yogyakarta,Daerah Istimewa Yogyakarta,276.4317,Menengah,Normal,85% - 115%,98.1885
-7.8,110.1,200 - 300 mm,APR,Kulon Progo,Daerah Istimewa Yogyakarta,200.5691,Menengah,Normal,85% - 115%,94.0159
-7.8,110.15,150 - 200 mm,APR,Kulon Progo,Daerah Istimewa Yogyakarta,187.1688,Menengah,Normal,85% - 115%,96.8874
-7.8,110.2,150 - 200 mm,APR,Kulon Progo,Daerah Istimewa Yogyakarta,179.4555,Menengah,Normal,85% - 115%,98.175
-7.8,110.25,200 - 300 mm,APR,Sleman,Daerah Istimewa Yogyakarta,209.2641,Menengah,Normal,85% - 115%,98.3562
-7.8,110.3,200 - 300 mm,APR,Sleman,Daerah Istimewa Yogyakarta,246.6532,Menengah,Normal,85% - 115%,98.4943
-7.8,110.45,200 - 300 mm,APR,Sleman,Daerah Istimewa Yogyakarta,220.1082,Menengah,Normal,85% - 115%,101.0424
-7.8,110.5,150 - 200 mm,APR,Sleman,Daerah Istimewa Yogyakarta,192.2356,Menengah,Normal,85% - 115%,104.4781
-7.75,110.15,200 - 300 mm,APR,Kulon Progo,Daerah Istimewa Yogyakarta,207.5371,Menengah,Normal,85% - 115%,101.3036
-7.75,110.2,150 - 200 mm,APR,Kulon Progo,Daerah Istimewa Yogyakarta,197.4747,Menengah,Normal,85% - 115%,100.8928
-7.75,110.25,200 - 300 mm,APR,Sleman,Daerah Istimewa Yogyakarta,217.8752,Menengah,Normal,85% - 115%,101.1236
-7.75,110.3,200 - 300 mm,APR,Sleman,Daerah Istimewa Yogyakarta,269.2047,Menengah,Normal,85% - 115%,101.5543
-7.75,110.35,200 - 300 mm,APR,Sleman,Daerah Istimewa Yogyakarta,278.967,Menengah,Normal,85% - 115%,101.302
-7.75,110.4,200 - 300 mm,APR,Sleman,Daerah Istimewa Yogyakarta,278.8331,Menengah,Normal,85% - 115%,102.553
-7.75,110.45,200 - 300 mm,APR,Sleman,Daerah Istimewa Yogyakarta,226.3466,Menengah,Normal,85% - 115%,104.9864
-7.7,110.15,200 - 300 mm,APR,Kulon Progo,Daerah Istimewa Yogyakarta,241.92,Menengah,Normal,85% - 115%,104.2845
-7.7,110.2,200 - 300 mm,APR,Kulon Progo,Daerah Istimewa Yogyakarta,245.4855,Menengah,Normal,85% - 115%,104.0613
-7.7,110.25,200 - 300 mm,APR,Kulon Progo,Daerah Istimewa Yogyakarta,258.1848,Menengah,Normal,85% - 115%,105.6151
-7.7,110.3,200 - 300 mm,APR,Sleman,Daerah Istimewa Yogyakarta,283.0206,Menengah,Normal,85% - 115%,106.8438
-7.7,110.35,300 - 400 mm,APR,Sleman,Daerah Istimewa Yogyakarta,317.7231,Tinggi,Normal,85% - 115%,106.1941
-7.7,110.4,300 - 400 mm,APR,Sleman,Daerah Istimewa Yogyakarta,305.3423,Tinggi,Normal,85% - 115%,106.6145
-7.7,110.45,200 - 300 mm,APR,Sleman,Daerah Istimewa Yogyakarta,255.2003,Menengah,Normal,85% - 115%,106.0067
-7.65,110.15,200 - 300 mm,APR,Kulon Progo,Daerah Istimewa Yogyakarta,280.8114,Menengah,Normal,85% - 115%,107.9399
-7.65,110.25,200 - 300 mm,APR,Kulon Progo,Daerah Istimewa Yogyakarta,286.4184,Menengah,Normal,85% - 115%,110.5958
-7.65,110.35,300 - 400 mm,APR,Sleman,Daerah Istimewa Yogyakarta,342.7468,Tinggi,Normal,85% - 115%,110.0523
-7.65,110.4,300 - 400 mm,APR,Sleman,Daerah Istimewa Yogyakarta,335.2927,Tinggi,Normal,85% - 115%,108.9742
-7.65,110.45,200 - 300 mm,APR,Sleman,Daerah Istimewa Yogyakarta,293.785,Menengah,Normal,85% - 115%,108.0884
-7.6,110.4,300 - 400 mm,APR,Sleman,Daerah Istimewa Yogyakarta,346.1164,Tinggi,Normal,85% - 115%,111.4501
-7.6,110.45,300 - 400 mm,APR,Sleman,Daerah Istimewa Yogyakarta,311.8044,Tinggi,Normal,85% - 115%,110.1356
-7.55,110.45,300 - 400 mm,APR,Sleman,Daerah Istimewa Yogyakarta,316.9505,Tinggi,Normal,85% - 115%,111.3213
