LAT,LON,KelasCH,Bulan,Id Kabkot,Id Prov,KategoriCH,CH,SH,KategoriSH,KelasSH,Id Pulau,Id Prov Init,Nogrid
-8.15,110.65,100 - 150 mm,MEI,Gunungkidul,Daerah Istimewa Yogyakarta,Menengah,111.8348,144.6916,Atas Normal,115% - 150%,Jawa,DIY,104888
-8.15,110.7,100 - 150 mm,MEI,Gunungkidul,Daerah Istimewa Yogyakarta,Menengah,105.579,144.2934,Atas Normal,115% - 150%,Jawa,DIY,105224
-8.15,110.75,50 - 100 mm,MEI,Gunungkidul,Daerah Istimewa Yogyakarta,Rendah,99.3372,144.2465,Atas Normal,115% - 150%,Jawa,DIY,105560
-8.1,110.45,50 - 100 mm,MEI,Gunungkidul,Daerah Istimewa Yogyakarta,Rendah,92.7905,142.108,Atas Normal,115% - 150%,Jawa,DIY,103545
-8.1,110.5,50 - 100 mm,MEI,Gunungkidul,Daerah Istimewa Yogyakarta,Rendah,98.8894,143.1176,Atas Normal,115% - 150%,Jawa,DIY,103881
-8.1,110.55,100 - 150 mm,MEI,Gunungkidul,Daerah Istimewa Yogyakarta,Menengah,105.1337,143.3884,Atas Normal,115% - 150%,Jawa,DIY,104217
-8.1,110.6,100 - 150 mm,MEI,Gunungkidul,Daerah Istimewa Yogyakarta,Menengah,111.6377,143.3487,Atas Normal,115% - 150%,Jawa,DIY,104553
-8.1,110.65,100 - 150 mm,MEI,Gunungkidul,Daerah Istimewa Yogyakarta,Menengah,111.4723,143.1119,Atas Normal,115% - 150%,Jawa,DIY,104889
-8.1,110.7,100 - 150 mm,MEI,Gunungkidul,Daerah Istimewa Yogyakarta,Menengah,103.4862,142.3896,Atas Normal,115% - 150%,Jawa,DIY,105225
-8.1,110.75,50 - 100 mm,MEI,Gunungkidul,Daerah Istimewa Yogyakarta,Rendah,95.2558,142.0192,Atas Normal,115% - 150%,Jawa,DIY,105561
-8.05,110.4,50 - 100 mm,MEI,Gunungkidul,Daerah Istimewa Yogyakarta,Rendah,76.8642,138.3033,Atas Normal,115% - 150%,Jawa,DIY,103210
-8.05,110.45,50 - 100 mm,MEI,Gunungkidul,Daerah Istimewa Yogyakarta,Rendah,93.6685,140.7006,Atas Normal,115% - 150%,Jawa,DIY,103546
-8.05,110.5,50 - 100 mm,MEI,Gunungkidul,Daerah Istimewa Yogyakarta,Rendah,97.8963,141.5325,Atas Normal,115% - 150%,Jawa,DIY,103882
-8.05,110.55,50 - 100 mm,MEI,Gunungkidul,Daerah Istimewa Yogyakarta,Rendah,99.8176,141.4748,Atas Normal,115% - 150%,Jawa,DIY,104218
-8.05,110.6,100 - 150 mm,MEI,Gunungkidul,Daerah Istimewa Yogyakarta,Menengah,108.453,141.4084,Atas Normal,115% - 150%,Jawa,DIY,104554
-8.05,110.65,100 - 150 mm,MEI,Gunungkidul,Daerah Istimewa Yogyakarta,Menengah,106.3022,140.6802,Atas Normal,115% - 150%,Jawa,DIY,104890
-8.05,110.7,100 - 150 mm,MEI,Gunungkidul,Daerah Istimewa Yogyakarta,Menengah,100.8624,140.0766,Atas Normal,115% - 150%,Jawa,DIY,105226
-8.05,110.75,50 - 100 mm,MEI,Gunungkidul,Daerah Istimewa Yogyakarta,Rendah,94.8348,140.4223,Atas Normal,115% - 150%,Jawa,DIY,105562
-8,110.25,50 - 100 mm,MEI,Bantul,Daerah Istimewa Yogyakarta,Rendah,96.3567,129.6,Atas Normal,115% - 150%,Jawa,DIY,102203
-8,110.3,50 - 100 mm,MEI,Bantul,Daerah Istimewa Yogyakarta,Rendah,88.0036,129.8285,Atas Normal,115% - 150%,Jawa,DIY,102539
-8,110.35,50 - 100 mm,MEI,Gunungkidul,Daerah Istimewa Yogyakarta,Rendah,73.4638,132.675,Atas Normal,115% - 150%,Jawa,DIY,102875
-8,110.4,50 - 100 mm,MEI,Gunungkidul,Daerah Istimewa Yogyakarta,Rendah,80.9515,136.6976,Atas Normal,115% - 150%,Jawa,DIY,103211
-8,110.45,50 - 100 mm,MEI,Gunungkidul,Daerah Istimewa Yogyakarta,Rendah,97.5143,138.7477,Atas Normal,115% - 150%,Jawa,DIY,103547
-8,110.5,100 - 150 mm,MEI,Gunungkidul,Daerah Istimewa Yogyakarta,Menengah,103.489,139.554,Atas Normal,115% - 150%,Jawa,DIY,103883
-8,110.55,100 - 150 mm,MEI,Gunungkidul,Daerah Istimewa Yogyakarta,Menengah,108.433,139.0687,Atas Normal,115% - 150%,Jawa,DIY,104219
-8,110.6,100 - 150 mm,MEI,Gunungkidul,Daerah Istimewa Yogyakarta,Menengah,111.9484,138.3731,Atas Normal,115% - 150%,Jawa,DIY,104555
-8,110.65,100 - 150 mm,MEI,Gunungkidul,Daerah Istimewa Yogyakarta,Menengah,102.2966,137.2408,Atas Normal,115% - 150%,Jawa,DIY,104891
-8,110.7,50 - 100 mm,MEI,Gunungkidul,Daerah Istimewa Yogyakarta,Rendah,98.5595,136.7867,Atas Normal,115% - 150%,Jawa,DIY,105227
-8,110.75,50 - 100 mm,MEI,Gunungkidul,Daerah Istimewa Yogyakarta,Rendah,90.6687,136.9716,Atas Normal,115% - 150%,Jawa,DIY,105563
-7.95,110.25,100 - 150 mm,MEI,Bantul,Daerah Istimewa Yogyakarta,Menengah,109.3321,130.1723,Atas Normal,115% - 150%,Jawa,DIY,102204
-7.95,110.3,50 - 100 mm,MEI,Bantul,Daerah Istimewa Yogyakarta,Rendah,99.3367,129.9108,Atas Normal,115% - 150%,Jawa,DIY,102540
-7.95,110.35,50 - 100 mm,MEI,Bantul,Daerah Istimewa Yogyakarta,Rendah,81.3536,131.2745,Atas Normal,115% - 150%,Jawa,DIY,102876
-7.95,110.4,50 - 100 mm,MEI,Bantul,Daerah Istimewa Yogyakarta,Rendah,72.2477,133.0995,Atas Normal,115% - 150%,Jawa,DIY,103212
-7.95,110.45,100 - 150 mm,MEI,Gunungkidul,Daerah Istimewa Yogyakarta,Menengah,108.2403,136.5351,Atas Normal,115% - 150%,Jawa,DIY,103548
-7.95,110.5,100 - 150 mm,MEI,Gunungkidul,Daerah Istimewa Yogyakarta,Menengah,124.5695,137.0871,Atas Normal,115% - 150%,Jawa,DIY,103884
-7.95,110.55,100 - 150 mm,MEI,Gunungkidul,Daerah Istimewa Yogyakarta,Menengah,129.2953,135.8444,Atas Normal,115% - 150%,Jawa,DIY,104220
-7.95,110.6,100 - 150 mm,MEI,Gunungkidul,Daerah Istimewa Yogyakarta,Menengah,116.8674,133.365,Atas Normal,115% - 150%,Jawa,DIY,104556
-7.95,110.65,100 - 150 mm,MEI,Gunungkidul,Daerah Istimewa Yogyakarta,Menengah,110.0798,133.2445,Atas Normal,115% - 150%,Jawa,DIY,104892
-7.95,110.7,100 - 150 mm,MEI,Gunungkidul,Daerah Istimewa Yogyakarta,Menengah,100.1915,132.7587,Atas Normal,115% - 150%,Jawa,DIY,105228
-7.95,110.75,50 - 100 mm,MEI,Gunungkidul,Daerah Istimewa Yogyakarta,Rendah,98.6858,133.3218,Atas Normal,115% - 150%,Jawa,DIY,105564
-7.95,110.15,50 - 100 mm,MEI,Kulon Progo,Daerah Istimewa Yogyakarta,Rendah,88.0395,122.3768,Atas Normal,115% - 150%,Jawa,DIY,101532
-7.95,110.2,50 - 100 mm,MEI,Kulon Progo,Daerah Istimewa Yogyakarta,Rendah,98.2093,127.5329,Atas Normal,115% - 150%,Jawa,DIY,101868
-7.9,110.3,50 - 100 mm,MEI,Bantul,Daerah Istimewa Yogyakarta,Rendah,99.6564,127.9233,Atas Normal,115% - 150%,Jawa,DIY,102541
-7.9,110.35,50 - 100 mm,MEI,Bantul,Daerah Istimewa Yogyakarta,Rendah,84.0544,125.7201,Atas Normal,115% - 150%,Jawa,DIY,102877
-7.9,110.4,100 - 150 mm,MEI,Bantul,Daerah Istimewa Yogyakarta,Menengah,108.3854,130.0518,Atas Normal,115% - 150%,Jawa,DIY,103213
-7.9,110.45,100 - 150 mm,MEI,Bantul,Daerah Istimewa Yogyakarta,Menengah,126.4732,134.0166,Atas Normal,115% - 150%,Jawa,DIY,103549
-7.9,110.5,100 - 150 mm,MEI,Gunungkidul,Daerah Istimewa Yogyakarta,Menengah,134.8236,133.783,Atas Normal,115% - 150%,Jawa,DIY,103885
-7.9,110.55,100 - 150 mm,MEI,Gunungkidul,Daerah Istimewa Yogyakarta,Menengah,135.8713,131.5513,Atas Normal,115% - 150%,Jawa,DIY,104221
-7.9,110.6,100 - 150 mm,MEI,Gunungkidul,Daerah Istimewa Yogyakarta,Menengah,122.8197,129.9106,Atas Normal,115% - 150%,Jawa,DIY,104557
-7.9,110.65,100 - 150 mm,MEI,Gunungkidul,Daerah Istimewa Yogyakarta,Menengah,116.0114,129.6644,Atas Normal,115% - 150%,Jawa,DIY,104893
-7.9,110.7,100 - 150 mm,MEI,Gunungkidul,Daerah Istimewa Yogyakarta,Menengah,112.6169,129.7223,Atas Normal,115% - 150%,Jawa,DIY,105229
-7.9,110.75,100 - 150 mm,MEI,Gunungkidul,Daerah Istimewa Yogyakarta,Menengah,110.5284,130.6934,Atas Normal,115% - 150%,Jawa,DIY,105565
-7.9,110.05,50 - 100 mm,MEI,Kulon Progo,Daerah Istimewa Yogyakarta,Rendah,86.4742,109.8092,Normal,85% - 115%,Jawa,DIY,100861
-7.9,110.1,50 - 100 mm,MEI,Kulon Progo,Daerah Istimewa Yogyakarta,Rendah,81.5512,114.3981,Normal,85% - 115%,Jawa,DIY,101197
-7.9,110.15,50 - 100 mm,MEI,Kulon Progo,Daerah Istimewa Yogyakarta,Rendah,83.4206,122.802,Atas Normal,115% - 150%,Jawa,DIY,101533
-7.9,110.2,50 - 100 mm,MEI,Kulon Progo,Daerah Istimewa Yogyakarta,Rendah,88.2111,128.5077,Atas Normal,115% - 150%,Jawa,DIY,101869
-7.9,110.25,50 - 100 mm,MEI,Kulon Progo,Daerah Istimewa Yogyakarta,Rendah,98.5759,128.759,Atas Normal,115% - 150%,Jawa,DIY,102205
-7.85,110.25,50 - 100 mm,MEI,Bantul,Daerah Istimewa Yogyakarta,Rendah,88.3667,124.5865,Atas Normal,115% - 150%,Jawa,DIY,102206
-7.85,110.3,100 - 150 mm,MEI,Bantul,Daerah Istimewa Yogyakarta,Menengah,103.1265,121.8946,Atas Normal,115% - 150%,Jawa,DIY,102542
-7.85,110.35,100 - 150 mm,MEI,Bantul,Daerah Istimewa Yogyakarta,Menengah,119.5324,121.4,Atas Normal,115% - 150%,Jawa,DIY,102878
-7.85,110.4,100 - 150 mm,MEI,Bantul,Daerah Istimewa Yogyakarta,Menengah,124.1493,126.6662,Atas Normal,115% - 150%,Jawa,DIY,103214
-7.85,110.45,100 - 150 mm,MEI,Bantul,Daerah Istimewa Yogyakarta,Menengah,126.2615,129.5871,Atas Normal,115% - 150%,Jawa,DIY,103550
-7.85,110.5,100 - 150 mm,MEI,Gunungkidul,Daerah Istimewa Yogyakarta,Menengah,124.3094,129.909,Atas Normal,115% - 150%,Jawa,DIY,103886
-7.85,110.55,100 - 150 mm,MEI,Gunungkidul,Daerah Istimewa Yogyakarta,Menengah,113.7039,127.1821,Atas Normal,115% - 150%,Jawa,DIY,104222
-7.85,110.6,100 - 150 mm,MEI,Gunungkidul,Daerah Istimewa Yogyakarta,Menengah,115.7637,125.5315,Atas Normal,115% - 150%,Jawa,DIY,104558
-7.85,110.65,100 - 150 mm,MEI,Gunungkidul,Daerah Istimewa Yogyakarta,Menengah,118.3321,126.1916,Atas Normal,115% - 150%,Jawa,DIY,104894
-7.85,110.7,100 - 150 mm,MEI,Gunungkidul,Daerah Istimewa Yogyakarta,Menengah,120.6922,128.0114,Atas Normal,115% - 150%,Jawa,DIY,105230
-7.85,110.75,100 - 150 mm,MEI,Gunungkidul,Daerah Istimewa Yogyakarta,Menengah,124.3019,129.865,Atas Normal,115% - 150%,Jawa,DIY,105566
-7.85,110.05,50 - 100 mm,MEI,Kulon Progo,Daerah Istimewa Yogyakarta,Rendah,91.6392,111.8322,Normal,85% - 115%,Jawa,DIY,100862
-7.85,110.1,50 - 100 mm,MEI,Kulon Progo,Daerah Istimewa Yogyakarta,Rendah,89.5365,117.5144,Atas Normal,115% - 150%,Jawa,DIY,101198
-7.85,110.15,50 - 100 mm,MEI,Kulon Progo,Daerah Istimewa Yogyakarta,Rendah,74.0742,121.0516,Atas Normal,115% - 150%,Jawa,DIY,101534
-7.85,110.2,50 - 100 mm,MEI,Kulon Progo,Daerah Istimewa Yogyakarta,Rendah,72.3585,124.6295,Atas Normal,115% - 150%,Jawa,DIY,101870
-7.8,110.4,100 - 150 mm,MEI,Bantul,Daerah Istimewa Yogyakarta,Menengah,131.2616,122.5299,Atas Normal,115% - 150%,Jawa,DIY,103215
-7.8,110.55,100 - 150 mm,MEI,Gunungkidul,Daerah Istimewa Yogyakarta,Menengah,105.0237,121.9767,Atas Normal,115% - 150%,Jawa,DIY,104223
-7.8,110.6,100 - 150 mm,MEI,Gunungkidul,Daerah Istimewa Yogyakarta,Menengah,108.0583,119.7861,Atas Normal,115% - 150%,Jawa,DIY,104559
-7.8,110.65,100 - 150 mm,MEI,Gunungkidul,Daerah Istimewa Yogyakarta,Menengah,116.8404,124.0369,Atas Normal,115% - 150%,Jawa,DIY,104895
-7.8,110.35,100 - 150 mm,MEI,Kota Yogyakarta,Daerah Istimewa Yogyakarta,Menengah,127.3985,119.3553,Atas Normal,115% - 150%,Jawa,DIY,102879
-7.8,110.1,100 - 150 mm,MEI,Kulon Progo,Daerah Istimewa Yogyakarta,Menengah,108.7657,118.9607,Atas Normal,115% - 150%,Jawa,DIY,101199
-7.8,110.15,50 - 100 mm,MEI,Kulon Progo,Daerah Istimewa Yogyakarta,Rendah,90.8251,120.2658,Atas Normal,115% - 150%,Jawa,DIY,101535
-7.8,110.2,50 - 100 mm,MEI,Kulon Progo,Daerah Istimewa Yogyakarta,Rendah,86.3719,121.0673,Atas Normal,115% - 150%,Jawa,DIY,101871
-7.8,110.25,50 - 100 mm,MEI,Sleman,Daerah Istimewa Yogyakarta,Rendah,96.0083,119.94,Atas Normal,115% - 150%,Jawa,DIY,102207
-7.8,110.3,100 - 150 mm,MEI,Sleman,Daerah Istimewa Yogyakarta,Menengah,111.9217,117.9411,Atas Normal,115% - 150%,Jawa,DIY,102543
-7.8,110.45,100 - 150 mm,MEI,Sleman,Daerah Istimewa Yogyakarta,Menengah,116.2575,124.3279,Atas Normal,115% - 150%,Jawa,DIY,103551
-7.8,110.5,50 - 100 mm,MEI,Sleman,Daerah Istimewa Yogyakarta,Rendah,99.5016,124.4666,Atas Normal,115% - 150%,Jawa,DIY,103887
-7.75,110.15,100 - 150 mm,MEI,Kulon Progo,Daerah Istimewa Yogyakarta,Menengah,129.4768,126.6878,Atas Normal,115% - 150%,Jawa,DIY,101536
-7.75,110.2,100 - 150 mm,MEI,Kulon Progo,Daerah Istimewa Yogyakarta,Menengah,123.6444,126.0714,Atas Normal,115% - 150%,Jawa,DIY,101872
-7.75,110.25,100 - 150 mm,MEI,Sleman,Daerah Istimewa Yogyakarta,Menengah,131.0284,125.6108,Atas Normal,115% - 150%,Jawa,DIY,102208
-7.75,110.3,150 - 200 mm,MEI,Sleman,Daerah Istimewa Yogyakarta,Menengah,153.9961,125.496,Atas Normal,115% - 150%,Jawa,DIY,102544
-7.75,110.35,150 - 200 mm,MEI,Sleman,Daerah Istimewa Yogyakarta,Menengah,152.3701,125.0206,Atas Normal,115% - 150%,Jawa,DIY,102880
-7.75,110.4,150 - 200 mm,MEI,Sleman,Daerah Istimewa Yogyakarta,Menengah,154.5291,125.7771,Atas Normal,115% - 150%,Jawa,DIY,103216
-7.75,110.45,100 - 150 mm,MEI,Sleman,Daerah Istimewa Yogyakarta,Menengah,128.3327,127.4093,Atas Normal,115% - 150%,Jawa,DIY,103552
-7.7,110.15,150 - 200 mm,MEI,Kulon Progo,Daerah Istimewa Yogyakarta,Menengah,164.4854,130.7062,Atas Normal,115% - 150%,Jawa,DIY,101537
-7.7,110.2,150 - 200 mm,MEI,Kulon Progo,Daerah Istimewa Yogyakarta,Menengah,159.8924,130.1724,Atas Normal,115% - 150%,Jawa,DIY,101873
-7.7,110.25,150 - 200 mm,MEI,Kulon Progo,Daerah Istimewa Yogyakarta,Menengah,160.0767,128.2163,Atas Normal,115% - 150%,Jawa,DIY,102209
-7.7,110.3,150 - 200 mm,MEI,Sleman,Daerah Istimewa Yogyakarta,Menengah,154.3789,127.6321,Atas Normal,115% - 150%,Jawa,DIY,102545
-7.7,110.35,150 - 200 mm,MEI,Sleman,Daerah Istimewa Yogyakarta,Menengah,186.4606,129.7649,Atas Normal,115% - 150%,Jawa,DIY,102881
-7.7,110.4,150 - 200 mm,MEI,Sleman,Daerah Istimewa Yogyakarta,Menengah,182.7531,130.4771,Atas Normal,115% - 150%,Jawa,DIY,103217
-7.7,110.45,150 - 200 mm,MEI,Sleman,Daerah Istimewa Yogyakarta,Menengah,150.7908,133.129,Atas Normal,115% - 150%,Jawa,DIY,103553
-7.65,110.15,150 - 200 mm,MEI,Kulon Progo,Daerah Istimewa Yogyakarta,Menengah,190.0622,134.0862,Atas Normal,115% - 150%,Jawa,DIY,101538
-7.65,110.25,100 - 150 mm,MEI,Kulon Progo,Daerah Istimewa Yogyakarta,Menengah,144.8293,128.5395,Atas Normal,115% - 150%,Jawa,DIY,102210
-7.65,110.35,200 - 300 mm,MEI,Sleman,Daerah Istimewa Yogyakarta,Menengah,221.3701,133.845,Atas Normal,115% - 150%,Jawa,DIY,102882
-7.65,110.4,200 - 300 mm,MEI,Sleman,Daerah Istimewa Yogyakarta,Menengah,211.5203,136.1626,Atas Normal,115% - 150%,Jawa,DIY,103218
-7.65,110.45,150 - 200 mm,MEI,Sleman,Daerah Istimewa Yogyakarta,Menengah,177.3428,132.7975,Atas Normal,115% - 150%,Jawa,DIY,103554
-7.6,110.4,200 - 300 mm,MEI,Sleman,Daerah Istimewa Yogyakarta,Menengah,222.228,137.926,Atas Normal,115% - 150%,Jawa,DIY,103219
-7.6,110.45,150 - 200 mm,MEI,Sleman,Daerah Istimewa Yogyakarta,Menengah,192.056,135.1835,Atas Normal,115% - 150%,Jawa,DIY,103555
-7.55,110.45,150 - 200 mm,MEI,Sleman,Daerah Istimewa Yogyakarta,Menengah,197.1724,136.5963,Atas Normal,115% - 150%,Jawa,DIY,103556
