LAT,LON,KelasSH_bulan1,Bulan_bulan1,Id Kabkot,Id Prov,KategoriSH_bulan1,SH_bulan1,KelasCH_bulan1,KategoriCH_bulan1,CH_bulan1,KelasSH_bulan2,Bulan_bulan2,KategoriSH_bulan2,SH_bulan2,KategoriCH_bulan2,KelasCH_bulan2,CH_bulan2,KelasSH_bulan3,Bulan_bulan3,KategoriSH_bulan3,SH_bulan3,KategoriCH_bulan3,KelasCH_bulan3,CH_bulan3,Curah_Hujan_Rata,Sifat_Hujan_Rata
-8.15,110.65,150% - 200%,JUN,Gunungkidul,Daerah Istimewa Yogyakarta,Atas Normal,166.8515,100 - 150 mm,Menengah,138.1625,> 200%,JUL,Atas Normal,250.2671,Menengah,100 - 150 mm,117.4931,> 200%,AGT,Atas Normal,364.6401,Rendah,50 - 100 mm,80.6345,112.0967,260.5862333333334
-8.15,110.7,150% - 200%,JUN,Gunungkidul,Daerah Istimewa Yogyakarta,Atas Normal,166.9169,100 - 150 mm,Menengah,126.6854,> 200%,JUL,Atas Normal,252.9744,Menengah,100 - 150 mm,103.6339,> 200%,AGT,Atas Normal,375.3539,Rendah,50 - 100 mm,84.9624,105.0939,265.0817333333334
-8.15,110.75,150% - 200%,JUN,Gunungkidul,Daerah Istimewa Yogyakarta,Atas Normal,168.1393,100 - 150 mm,Menengah,112.3762,> 200%,JUL,Atas Normal,258.6855,Rendah,50 - 100 mm,88.59,> 200%,AGT,Atas Normal,390.7278,Rendah,50 - 100 mm,84.6463,95.20416666666667,272.51753333333335
-8.1,110.45,150% - 200%,JUN,Gunungkidul,Daerah Istimewa Yogyakarta,Atas Normal,169.3372,50 - 100 mm,Rendah,90.087,> 200%,JUL,Atas Normal,240.2753,Rendah,50 - 100 mm,89.0151,> 200%,AGT,Atas Normal,326.4012,Rendah,20 - 50 mm,38.222,72.44136666666667,245.3379
-8.1,110.5,150% - 200%,JUN,Gunungkidul,Daerah Istimewa Yogyakarta,Atas Normal,168.3439,100 - 150 mm,Menengah,101.77,> 200%,JUL,Atas Normal,240.4686,Rendah,50 - 100 mm,94.4338,> 200%,AGT,Atas Normal,331.9976,Rendah,20 - 50 mm,43.9715,80.05843333333333,246.93669999999997
-8.1,110.55,150% - 200%,JUN,Gunungkidul,Daerah Istimewa Yogyakarta,Atas Normal,166.7143,100 - 150 mm,Menengah,116.4398,> 200%,JUL,Atas Normal,240.0228,Menengah,100 - 150 mm,101.4895,> 200%,AGT,Atas Normal,337.3996,Rendah,50 - 100 mm,54.6479,90.85906666666666,248.04556666666667
-8.1,110.6,150% - 200%,JUN,Gunungkidul,Daerah Istimewa Yogyakarta,Atas Normal,165.4758,100 - 150 mm,Menengah,134.9529,> 200%,JUL,Atas Normal,239.7487,Menengah,100 - 150 mm,110.865,> 200%,AGT,Atas Normal,342.8095,Rendah,50 - 100 mm,68.8765,104.89813333333332,249.3446666666667
-8.1,110.65,150% - 200%,JUN,Gunungkidul,Daerah Istimewa Yogyakarta,Atas Normal,164.7311,100 - 150 mm,Menengah,137.9362,> 200%,JUL,Atas Normal,240.5477,Menengah,100 - 150 mm,108.3654,> 200%,AGT,Atas Normal,349.9859,Rendah,50 - 100 mm,78.3018,108.20113333333335,251.7549
-8.1,110.7,150% - 200%,JUN,Gunungkidul,Daerah Istimewa Yogyakarta,Atas Normal,164.7221,100 - 150 mm,Menengah,118.0179,> 200%,JUL,Atas Normal,243.295,Rendah,50 - 100 mm,89.0207,> 200%,AGT,Atas Normal,360.4045,Rendah,50 - 100 mm,78.8663,95.30163333333333,256.14053333333334
-8.1,110.75,150% - 200%,JUN,Gunungkidul,Daerah Istimewa Yogyakarta,Atas Normal,165.7453,50 - 100 mm,Rendah,98.4713,> 200%,JUL,Atas Normal,248.9739,Rendah,50 - 100 mm,71.0148,> 200%,AGT,Atas Normal,375.7632,Rendah,50 - 100 mm,73.9784,81.15483333333333,263.4941333333333
-8.05,110.4,150% - 200%,JUN,Gunungkidul,Daerah Istimewa Yogyakarta,Atas Normal,166.9005,50 - 100 mm,Rendah,71.4512,> 200%,JUL,Atas Normal,231.7731,Rendah,50 - 100 mm,71.2125,> 200%,AGT,Atas Normal,315.3695,Rendah,20 - 50 mm,27.4663,56.71,238.01436666666666
-8.05,110.45,150% - 200%,JUN,Gunungkidul,Daerah Istimewa Yogyakarta,Atas Normal,166.4311,50 - 100 mm,Rendah,76.4732,> 200%,JUL,Atas Normal,231.9995,Rendah,50 - 100 mm,77.0904,> 200%,AGT,Atas Normal,318.8223,Rendah,20 - 50 mm,27.7491,60.43756666666667,239.08429999999998
-8.05,110.5,150% - 200%,JUN,Gunungkidul,Daerah Istimewa Yogyakarta,Atas Normal,165.2619,50 - 100 mm,Rendah,84.9355,> 200%,JUL,Atas Normal,231.4711,Rendah,50 - 100 mm,75.7327,> 200%,AGT,Atas Normal,322.1351,Rendah,20 - 50 mm,32.5894,64.4192,239.6227
-8.05,110.55,150% - 200%,JUN,Gunungkidul,Daerah Istimewa Yogyakarta,Atas Normal,164.0482,50 - 100 mm,Rendah,94.2485,> 200%,JUL,Atas Normal,230.7223,Rendah,50 - 100 mm,79.3809,> 200%,AGT,Atas Normal,325.4784,Rendah,20 - 50 mm,41.5156,71.715,240.0829666666667
-8.05,110.6,150% - 200%,JUN,Gunungkidul,Daerah Istimewa Yogyakarta,Atas Normal,162.9377,100 - 150 mm,Menengah,114.8402,> 200%,JUL,Atas Normal,230.4383,Rendah,50 - 100 mm,88.1895,> 200%,AGT,Atas Normal,330.0631,Rendah,50 - 100 mm,61.4272,88.15230000000001,241.1463666666667
-8.05,110.65,150% - 200%,JUN,Gunungkidul,Daerah Istimewa Yogyakarta,Atas Normal,162.1826,100 - 150 mm,Menengah,113.6632,> 200%,JUL,Atas Normal,231.2986,Rendah,50 - 100 mm,82.6861,> 200%,AGT,Atas Normal,336.9115,Rendah,50 - 100 mm,67.0855,87.8116,243.46423333333334
-8.05,110.7,150% - 200%,JUN,Gunungkidul,Daerah Istimewa Yogyakarta,Atas Normal,162.0681,50 - 100 mm,Rendah,98.3049,> 200%,JUL,Atas Normal,234.0728,Rendah,50 - 100 mm,69.3013,> 200%,AGT,Atas Normal,347.2213,Rendah,50 - 100 mm,69.8729,79.1597,247.78740000000002
-8.05,110.75,150% - 200%,JUN,Gunungkidul,Daerah Istimewa Yogyakarta,Atas Normal,162.9054,50 - 100 mm,Rendah,81.9581,> 200%,JUL,Atas Normal,239.6574,Rendah,50 - 100 mm,56.1098,> 200%,AGT,Atas Normal,362.5,Rendah,50 - 100 mm,65.4983,67.8554,255.02093333333332
-8.0,110.25,150% - 200%,JUN,Bantul,Daerah Istimewa Yogyakarta,Atas Normal,154.245,50 - 100 mm,Rendah,79.9134,> 200%,JUL,Atas Normal,214.1484,Rendah,50 - 100 mm,64.1535,> 200%,AGT,Atas Normal,302.0209,Rendah,50 - 100 mm,56.4125,66.82646666666666,223.47143333333335
-8.0,110.3,150% - 200%,JUN,Bantul,Daerah Istimewa Yogyakarta,Atas Normal,156.8938,50 - 100 mm,Rendah,75.9326,> 200%,JUL,Atas Normal,215.7073,Rendah,50 - 100 mm,65.0221,> 200%,AGT,Atas Normal,301.391,Rendah,20 - 50 mm,43.5912,61.5153,224.66403333333332
-8.0,110.35,150% - 200%,JUN,Gunungkidul,Daerah Istimewa Yogyakarta,Atas Normal,159.7941,50 - 100 mm,Rendah,64.0364,> 200%,JUL,Atas Normal,218.4003,Rendah,50 - 100 mm,56.8974,> 200%,AGT,Atas Normal,302.7405,Rendah,20 - 50 mm,26.0869,49.006899999999995,226.9783
-8.0,110.4,150% - 200%,JUN,Gunungkidul,Daerah Istimewa Yogyakarta,Atas Normal,163.0805,50 - 100 mm,Rendah,59.2319,> 200%,JUL,Atas Normal,223.2563,Rendah,50 - 100 mm,57.5173,> 200%,AGT,Atas Normal,308.1953,Rendah,0 - 20 mm,17.7736,44.84093333333333,231.5107
-8.0,110.45,150% - 200%,JUN,Gunungkidul,Daerah Istimewa Yogyakarta,Atas Normal,162.5453,50 - 100 mm,Rendah,69.5276,> 200%,JUL,Atas Normal,223.1068,Rendah,50 - 100 mm,56.9986,> 200%,AGT,Atas Normal,310.418,Rendah,20 - 50 mm,21.8294,49.45186666666667,232.02336666666667
-8.0,110.5,150% - 200%,JUN,Gunungkidul,Daerah Istimewa Yogyakarta,Atas Normal,161.5877,50 - 100 mm,Rendah,75.6443,> 200%,JUL,Atas Normal,222.4388,Rendah,50 - 100 mm,52.0082,> 200%,AGT,Atas Normal,312.7023,Rendah,20 - 50 mm,27.0569,51.56980000000001,232.24293333333333
-8.0,110.55,150% - 200%,JUN,Gunungkidul,Daerah Istimewa Yogyakarta,Atas Normal,160.4395,50 - 100 mm,Rendah,81.765,> 200%,JUL,Atas Normal,221.7143,Rendah,50 - 100 mm,53.55,> 200%,AGT,Atas Normal,315.633,Rendah,20 - 50 mm,41.1921,58.8357,232.59560000000002
-8.0,110.6,150% - 200%,JUN,Gunungkidul,Daerah Istimewa Yogyakarta,Atas Normal,159.3472,50 - 100 mm,Rendah,93.5233,> 200%,JUL,Atas Normal,221.4681,Rendah,50 - 100 mm,59.1471,> 200%,AGT,Atas Normal,319.9335,Rendah,50 - 100 mm,58.2043,70.29156666666667,233.58293333333333
-8.0,110.65,150% - 200%,JUN,Gunungkidul,Daerah Istimewa Yogyakarta,Atas Normal,158.5743,50 - 100 mm,Rendah,96.1927,> 200%,JUL,Atas Normal,222.3223,Rendah,50 - 100 mm,62.3569,> 200%,AGT,Atas Normal,326.5103,Rendah,50 - 100 mm,54.7994,71.11633333333333,235.80229999999997
-8.0,110.7,150% - 200%,JUN,Gunungkidul,Daerah Istimewa Yogyakarta,Atas Normal,158.4018,50 - 100 mm,Rendah,79.9807,> 200%,JUL,Atas Normal,225.0055,Rendah,50 - 100 mm,50.8235,> 200%,AGT,Atas Normal,336.5141,Rendah,50 - 100 mm,61.2083,64.00416666666668,239.97379999999998
-8.0,110.75,150% - 200%,JUN,Gunungkidul,Daerah Istimewa Yogyakarta,Atas Normal,159.1305,50 - 100 mm,Rendah,69.4187,> 200%,JUL,Atas Normal,230.3759,Rendah,20 - 50 mm,40.1881,> 200%,AGT,Atas Normal,351.4284,Rendah,50 - 100 mm,58.2478,55.95153333333334,246.97826666666666
-7.95,110.25,150% - 200%,JUN,Bantul,Daerah Istimewa Yogyakarta,Atas Normal,150.846,50 - 100 mm,Rendah,78.5954,> 200%,JUL,Atas Normal,206.9055,Rendah,50 - 100 mm,55.9262,> 200%,AGT,Atas Normal,297.1496,Rendah,50 - 100 mm,52.7655,62.42903333333334,218.3003666666667
-7.95,110.3,150% - 200%,JUN,Bantul,Daerah Istimewa Yogyakarta,Atas Normal,153.4036,50 - 100 mm,Rendah,71.243,> 200%,JUL,Atas Normal,208.6503,Rendah,50 - 100 mm,54.2036,> 200%,AGT,Atas Normal,297.0684,Rendah,20 - 50 mm,37.0872,54.17793333333333,219.70743333333334
-7.95,110.35,150% - 200%,JUN,Bantul,Daerah Istimewa Yogyakarta,Atas Normal,155.9832,50 - 100 mm,Rendah,56.3763,> 200%,JUL,Atas Normal,211.2952,Rendah,20 - 50 mm,41.1757,> 200%,AGT,Atas Normal,298.436,Rendah,0 - 20 mm,19.5393,39.03043333333333,221.90480000000002
-7.95,110.4,150% - 200%,JUN,Bantul,Daerah Istimewa Yogyakarta,Atas Normal,158.9876,20 - 50 mm,Rendah,46.5358,> 200%,JUL,Atas Normal,216.1665,Rendah,20 - 50 mm,31.4557,> 200%,AGT,Atas Normal,304.1417,Rendah,0 - 20 mm,12.6693,30.220266666666664,226.43193333333332
-7.95,110.45,150% - 200%,JUN,Gunungkidul,Daerah Istimewa Yogyakarta,Atas Normal,158.59,50 - 100 mm,Rendah,75.7365,> 200%,JUL,Atas Normal,216.4096,Rendah,20 - 50 mm,40.4479,> 200%,AGT,Atas Normal,307.0765,Rendah,20 - 50 mm,28.3328,48.1724,227.3587
-7.95,110.5,150% - 200%,JUN,Gunungkidul,Daerah Istimewa Yogyakarta,Atas Normal,157.7103,50 - 100 mm,Rendah,83.993,> 200%,JUL,Atas Normal,216.0338,Rendah,20 - 50 mm,42.3122,> 200%,AGT,Atas Normal,309.9493,Rendah,20 - 50 mm,41.3152,55.873466666666666,227.8978
-7.95,110.55,150% - 200%,JUN,Gunungkidul,Daerah Istimewa Yogyakarta,Atas Normal,156.6276,50 - 100 mm,Rendah,84.9111,> 200%,JUL,Atas Normal,215.5681,Rendah,20 - 50 mm,42.6993,> 200%,AGT,Atas Normal,313.4194,Rendah,50 - 100 mm,54.4382,60.68286666666666,228.53836666666666
-7.95,110.6,150% - 200%,JUN,Gunungkidul,Daerah Istimewa Yogyakarta,Atas Normal,155.5889,50 - 100 mm,Rendah,81.7044,> 200%,JUL,Atas Normal,215.526,Rendah,20 - 50 mm,40.6116,> 200%,AGT,Atas Normal,318.1743,Rendah,20 - 50 mm,42.3088,54.87493333333333,229.76306666666667
-7.95,110.65,150% - 200%,JUN,Gunungkidul,Daerah Istimewa Yogyakarta,Atas Normal,154.8489,50 - 100 mm,Rendah,85.1133,> 200%,JUL,Atas Normal,216.4793,Rendah,20 - 50 mm,47.3961,> 200%,AGT,Atas Normal,325.0191,Rendah,50 - 100 mm,50.1819,60.8971,232.11576666666664
-7.95,110.7,150% - 200%,JUN,Gunungkidul,Daerah Istimewa Yogyakarta,Atas Normal,154.672,50 - 100 mm,Rendah,67.4633,> 200%,JUL,Atas Normal,219.0472,Rendah,20 - 50 mm,35.7526,> 200%,AGT,Atas Normal,334.8137,Rendah,50 - 100 mm,55.4642,52.89336666666667,236.17763333333332
-7.95,110.75,150% - 200%,JUN,Gunungkidul,Daerah Istimewa Yogyakarta,Atas Normal,155.3031,50 - 100 mm,Rendah,61.9954,> 200%,JUL,Atas Normal,223.6388,Rendah,20 - 50 mm,35.3494,> 200%,AGT,Atas Normal,347.5765,Rendah,50 - 100 mm,54.5919,50.64556666666667,242.17280000000002
-7.95,110.15,115% - 150%,JUN,Kulon Progo,Daerah Istimewa Yogyakarta,Atas Normal,145.9026,50 - 100 mm,Rendah,80.1861,> 200%,JUL,Atas Normal,203.6384,Rendah,50 - 100 mm,54.4012,> 200%,AGT,Atas Normal,296.8318,Rendah,50 - 100 mm,73.8691,69.48546666666667,215.45759999999999
-7.95,110.2,115% - 150%,JUN,Kulon Progo,Daerah Istimewa Yogyakarta,Atas Normal,148.3666,50 - 100 mm,Rendah,76.0913,> 200%,JUL,Atas Normal,205.4343,Rendah,50 - 100 mm,53.7085,> 200%,AGT,Atas Normal,297.4634,Rendah,50 - 100 mm,66.6893,65.49636666666667,217.08810000000003
-7.9,110.3,150% - 200%,JUN,Bantul,Daerah Istimewa Yogyakarta,Atas Normal,150.2207,50 - 100 mm,Rendah,62.6736,> 200%,JUL,Atas Normal,203.4575,Rendah,20 - 50 mm,43.5957,> 200%,AGT,Atas Normal,295.5536,Rendah,20 - 50 mm,28.6498,44.97303333333334,216.41060000000002
-7.9,110.35,150% - 200%,JUN,Bantul,Daerah Istimewa Yogyakarta,Atas Normal,152.3212,50 - 100 mm,Rendah,51.4563,> 200%,JUL,Atas Normal,206.0903,Rendah,20 - 50 mm,28.6953,> 200%,AGT,Atas Normal,297.2101,Rendah,20 - 50 mm,22.1683,34.106633333333335,218.54053333333334
-7.9,110.4,150% - 200%,JUN,Bantul,Daerah Istimewa Yogyakarta,Atas Normal,155.4471,50 - 100 mm,Rendah,64.8529,> 200%,JUL,Atas Normal,211.4557,Rendah,20 - 50 mm,34.025,> 200%,AGT,Atas Normal,304.2951,Rendah,20 - 50 mm,26.1449,41.674266666666675,223.73263333333333
-7.9,110.45,150% - 200%,JUN,Bantul,Daerah Istimewa Yogyakarta,Atas Normal,155.2513,50 - 100 mm,Rendah,85.164,> 200%,JUL,Atas Normal,212.3009,Rendah,20 - 50 mm,42.6499,> 200%,AGT,Atas Normal,308.498,Rendah,20 - 50 mm,40.0686,55.96083333333333,225.35006666666663
-7.9,110.5,150% - 200%,JUN,Gunungkidul,Daerah Istimewa Yogyakarta,Atas Normal,154.5253,50 - 100 mm,Rendah,91.4739,> 200%,JUL,Atas Normal,212.52,Rendah,50 - 100 mm,50.3833,> 200%,AGT,Atas Normal,312.8042,Rendah,50 - 100 mm,52.4435,64.7669,226.6165
-7.9,110.55,150% - 200%,JUN,Gunungkidul,Daerah Istimewa Yogyakarta,Atas Normal,153.5647,50 - 100 mm,Rendah,85.3207,> 200%,JUL,Atas Normal,212.573,Rendah,20 - 50 mm,48.8287,> 200%,AGT,Atas Normal,317.6058,Rendah,50 - 100 mm,51.226,61.7918,227.9145
-7.9,110.6,150% - 200%,JUN,Gunungkidul,Daerah Istimewa Yogyakarta,Atas Normal,152.617,50 - 100 mm,Rendah,83.4202,> 200%,JUL,Atas Normal,212.884,Rendah,20 - 50 mm,42.8871,> 200%,AGT,Atas Normal,323.2976,Rendah,20 - 50 mm,46.7434,57.68356666666667,229.5995333333333
-7.9,110.65,150% - 200%,JUN,Gunungkidul,Daerah Istimewa Yogyakarta,Atas Normal,151.9171,50 - 100 mm,Rendah,73.1899,> 200%,JUL,Atas Normal,213.8261,Rendah,20 - 50 mm,37.6599,> 200%,AGT,Atas Normal,330.0478,Rendah,20 - 50 mm,48.7439,53.1979,231.93033333333332
-7.9,110.7,150% - 200%,JUN,Gunungkidul,Daerah Istimewa Yogyakarta,Atas Normal,151.6653,50 - 100 mm,Rendah,61.0263,> 200%,JUL,Atas Normal,215.447,Rendah,20 - 50 mm,31.6273,> 200%,AGT,Atas Normal,336.7811,Rendah,50 - 100 mm,51.0122,47.8886,234.6311333333333
-7.9,110.75,150% - 200%,JUN,Gunungkidul,Daerah Istimewa Yogyakarta,Atas Normal,153.7222,50 - 100 mm,Rendah,59.1625,> 200%,JUL,Atas Normal,220.7995,Rendah,20 - 50 mm,32.7528,> 200%,AGT,Atas Normal,349.0378,Rendah,50 - 100 mm,54.9441,48.953133333333334,241.18650000000002
-7.9,110.05,115% - 150%,JUN,Kulon Progo,Daerah Istimewa Yogyakarta,Atas Normal,138.272,50 - 100 mm,Rendah,93.9927,150% - 200%,JUL,Atas Normal,191.5834,Rendah,50 - 100 mm,63.1438,> 200%,AGT,Atas Normal,285.7548,Rendah,50 - 100 mm,52.2933,69.80993333333333,205.20340000000002
-7.9,110.1,115% - 150%,JUN,Kulon Progo,Daerah Istimewa Yogyakarta,Atas Normal,140.915,50 - 100 mm,Rendah,87.3122,150% - 200%,JUL,Atas Normal,195.4969,Rendah,50 - 100 mm,54.6216,> 200%,AGT,Atas Normal,291.3483,Rendah,50 - 100 mm,65.7849,69.23956666666668,209.25339999999997
-7.9,110.15,115% - 150%,JUN,Kulon Progo,Daerah Istimewa Yogyakarta,Atas Normal,143.4565,50 - 100 mm,Rendah,75.7943,150% - 200%,JUL,Atas Normal,198.2768,Rendah,20 - 50 mm,45.4228,> 200%,AGT,Atas Normal,294.4348,Rendah,50 - 100 mm,70.461,63.89270000000001,212.05603333333332
-7.9,110.2,115% - 150%,JUN,Kulon Progo,Daerah Istimewa Yogyakarta,Atas Normal,145.8944,50 - 100 mm,Rendah,71.8041,> 200%,JUL,Atas Normal,200.2701,Rendah,20 - 50 mm,42.8193,> 200%,AGT,Atas Normal,295.6802,Rendah,50 - 100 mm,54.7713,56.4649,213.94823333333332
-7.9,110.25,115% - 150%,JUN,Kulon Progo,Daerah Istimewa Yogyakarta,Atas Normal,148.2076,50 - 100 mm,Rendah,65.2389,> 200%,JUL,Atas Normal,201.8764,Rendah,20 - 50 mm,46.7643,> 200%,AGT,Atas Normal,295.8406,Rendah,20 - 50 mm,38.7919,50.26503333333333,215.30820000000003
-7.85,110.25,115% - 150%,JUN,Bantul,Daerah Istimewa Yogyakarta,Atas Normal,145.1795,50 - 100 mm,Rendah,58.9001,150% - 200%,JUL,Atas Normal,197.3081,Rendah,20 - 50 mm,41.849,> 200%,AGT,Atas Normal,294.4678,Rendah,20 - 50 mm,27.8749,42.87466666666666,212.3184666666667
-7.85,110.3,115% - 150%,JUN,Bantul,Daerah Istimewa Yogyakarta,Atas Normal,146.7001,50 - 100 mm,Rendah,67.1732,150% - 200%,JUL,Atas Normal,198.8934,Rendah,20 - 50 mm,43.8999,> 200%,AGT,Atas Normal,294.5493,Rendah,20 - 50 mm,30.3019,47.125,213.38093333333336
-7.85,110.35,115% - 150%,JUN,Bantul,Daerah Istimewa Yogyakarta,Atas Normal,148.9314,50 - 100 mm,Rendah,70.4172,> 200%,JUL,Atas Normal,202.0856,Rendah,20 - 50 mm,40.2292,> 200%,AGT,Atas Normal,297.8126,Rendah,20 - 50 mm,36.0986,48.915,216.27653333333333
-7.85,110.4,150% - 200%,JUN,Bantul,Daerah Istimewa Yogyakarta,Atas Normal,152.1526,50 - 100 mm,Rendah,72.679,> 200%,JUL,Atas Normal,207.8848,Rendah,20 - 50 mm,40.0501,> 200%,AGT,Atas Normal,306.1098,Rendah,20 - 50 mm,35.4318,49.386966666666666,222.0490666666667
-7.85,110.45,150% - 200%,JUN,Bantul,Daerah Istimewa Yogyakarta,Atas Normal,152.1518,50 - 100 mm,Rendah,82.3429,> 200%,JUL,Atas Normal,209.3061,Rendah,20 - 50 mm,45.4001,> 200%,AGT,Atas Normal,311.5855,Rendah,20 - 50 mm,47.416,58.38633333333333,224.3478
-7.85,110.5,150% - 200%,JUN,Gunungkidul,Daerah Istimewa Yogyakarta,Atas Normal,151.5969,50 - 100 mm,Rendah,93.0459,> 200%,JUL,Atas Normal,210.132,Rendah,50 - 100 mm,58.8959,> 200%,AGT,Atas Normal,317.3627,Rendah,50 - 100 mm,56.9972,69.64633333333333,226.36386666666667
-7.85,110.55,150% - 200%,JUN,Gunungkidul,Daerah Istimewa Yogyakarta,Atas Normal,150.7746,50 - 100 mm,Rendah,79.9929,> 200%,JUL,Atas Normal,210.6487,Rendah,20 - 50 mm,49.5068,> 200%,AGT,Atas Normal,323.286,Rendah,50 - 100 mm,51.5203,60.34,228.23643333333334
-7.85,110.6,115% - 150%,JUN,Gunungkidul,Daerah Istimewa Yogyakarta,Atas Normal,149.9162,50 - 100 mm,Rendah,74.9627,> 200%,JUL,Atas Normal,211.0442,Rendah,20 - 50 mm,43.8754,> 200%,AGT,Atas Normal,328.9602,Rendah,50 - 100 mm,50.1346,56.32423333333333,229.9735333333333
-7.85,110.65,115% - 150%,JUN,Gunungkidul,Daerah Istimewa Yogyakarta,Atas Normal,149.2072,50 - 100 mm,Rendah,70.9998,> 200%,JUL,Atas Normal,211.1881,Rendah,20 - 50 mm,38.3937,> 200%,AGT,Atas Normal,332.8144,Rendah,20 - 50 mm,47.0712,52.1549,231.0699
-7.85,110.7,150% - 200%,JUN,Gunungkidul,Daerah Istimewa Yogyakarta,Atas Normal,150.5264,50 - 100 mm,Rendah,63.8483,> 200%,JUL,Atas Normal,213.9448,Rendah,20 - 50 mm,31.8345,> 200%,AGT,Atas Normal,339.7815,Rendah,20 - 50 mm,48.3209,48.00123333333334,234.7509
-7.85,110.75,150% - 200%,JUN,Gunungkidul,Daerah Istimewa Yogyakarta,Atas Normal,154.1126,50 - 100 mm,Rendah,68.0266,> 200%,JUL,Atas Normal,221.4171,Rendah,20 - 50 mm,35.2664,> 200%,AGT,Atas Normal,356.411,Rendah,50 - 100 mm,53.6068,52.299933333333335,243.98023333333333
-7.85,110.05,115% - 150%,JUN,Kulon Progo,Daerah Istimewa Yogyakarta,Atas Normal,136.167,50 - 100 mm,Rendah,95.7898,150% - 200%,JUL,Atas Normal,187.0718,Rendah,50 - 100 mm,65.0243,> 200%,AGT,Atas Normal,283.6957,Rendah,20 - 50 mm,44.3696,68.39456666666666,202.3115
-7.85,110.1,115% - 150%,JUN,Kulon Progo,Daerah Istimewa Yogyakarta,Atas Normal,138.7905,50 - 100 mm,Rendah,86.1657,150% - 200%,JUL,Atas Normal,191.023,Rendah,50 - 100 mm,50.3167,> 200%,AGT,Atas Normal,289.5878,Rendah,50 - 100 mm,57.5299,64.67076666666667,206.4671
-7.85,110.15,115% - 150%,JUN,Kulon Progo,Daerah Istimewa Yogyakarta,Atas Normal,141.2748,50 - 100 mm,Rendah,74.4855,150% - 200%,JUL,Atas Normal,193.8998,Rendah,20 - 50 mm,41.9987,> 200%,AGT,Atas Normal,293.0917,Rendah,50 - 100 mm,54.763,57.0824,209.4221
-7.85,110.2,115% - 150%,JUN,Kulon Progo,Daerah Istimewa Yogyakarta,Atas Normal,143.4895,50 - 100 mm,Rendah,60.9814,150% - 200%,JUL,Atas Normal,195.9324,Rendah,20 - 50 mm,38.6198,> 200%,AGT,Atas Normal,294.6248,Rendah,20 - 50 mm,38.8843,46.161833333333334,211.3489
-7.8,110.4,115% - 150%,JUN,Bantul,Daerah Istimewa Yogyakarta,Atas Normal,148.8444,50 - 100 mm,Rendah,68.531,> 200%,JUL,Atas Normal,204.4869,Rendah,20 - 50 mm,38.8821,> 200%,AGT,Atas Normal,307.5825,Rendah,20 - 50 mm,40.9938,49.46896666666667,220.30460000000002
-7.8,110.55,115% - 150%,JUN,Gunungkidul,Daerah Istimewa Yogyakarta,Atas Normal,147.9284,50 - 100 mm,Rendah,70.9002,> 200%,JUL,Atas Normal,208.3695,Rendah,20 - 50 mm,48.7587,> 200%,AGT,Atas Normal,327.0003,Rendah,50 - 100 mm,57.0532,58.90403333333333,227.76606666666666
-7.8,110.6,115% - 150%,JUN,Gunungkidul,Daerah Istimewa Yogyakarta,Atas Normal,147.1279,50 - 100 mm,Rendah,68.6208,> 200%,JUL,Atas Normal,208.1686,Rendah,20 - 50 mm,47.4409,> 200%,AGT,Atas Normal,330.2129,Rendah,50 - 100 mm,52.2802,56.11396666666667,228.50313333333335
-7.8,110.65,115% - 150%,JUN,Gunungkidul,Daerah Istimewa Yogyakarta,Atas Normal,148.0387,50 - 100 mm,Rendah,74.2689,> 200%,JUL,Atas Normal,209.667,Rendah,20 - 50 mm,40.0678,> 200%,AGT,Atas Normal,334.8151,Rendah,20 - 50 mm,45.3253,53.220666666666666,230.84026666666668
-7.8,110.35,115% - 150%,JUN,Kota Yogyakarta,Daerah Istimewa Yogyakarta,Atas Normal,145.5523,50 - 100 mm,Rendah,63.6689,150% - 200%,JUL,Atas Normal,198.3317,Rendah,20 - 50 mm,40.0366,> 200%,AGT,Atas Normal,298.2449,Rendah,20 - 50 mm,34.5896,46.098366666666664,214.04296666666664
-7.8,110.1,115% - 150%,JUN,Kulon Progo,Daerah Istimewa Yogyakarta,Atas Normal,136.5879,50 - 100 mm,Rendah,91.2655,150% - 200%,JUL,Atas Normal,186.7249,Rendah,50 - 100 mm,51.1596,> 200%,AGT,Atas Normal,287.3536,Rendah,20 - 50 mm,49.5486,63.99123333333333,203.55546666666666
-7.8,110.15,115% - 150%,JUN,Kulon Progo,Daerah Istimewa Yogyakarta,Atas Normal,138.824,50 - 100 mm,Rendah,77.3238,150% - 200%,JUL,Atas Normal,189.5367,Rendah,20 - 50 mm,43.9695,> 200%,AGT,Atas Normal,290.9277,Rendah,20 - 50 mm,44.4986,55.26396666666667,206.42946666666668
-7.8,110.2,115% - 150%,JUN,Kulon Progo,Daerah Istimewa Yogyakarta,Atas Normal,140.3971,50 - 100 mm,Rendah,63.7138,150% - 200%,JUL,Atas Normal,191.272,Rendah,20 - 50 mm,40.8999,> 200%,AGT,Atas Normal,292.023,Rendah,20 - 50 mm,31.9248,45.51283333333333,207.89736666666667
-7.8,110.25,115% - 150%,JUN,Sleman,Daerah Istimewa Yogyakarta,Atas Normal,141.5949,50 - 100 mm,Rendah,61.0424,150% - 200%,JUL,Atas Normal,192.6111,Rendah,20 - 50 mm,42.6556,> 200%,AGT,Atas Normal,292.1649,Rendah,20 - 50 mm,26.4454,43.38113333333334,208.7903
-7.8,110.3,115% - 150%,JUN,Sleman,Daerah Istimewa Yogyakarta,Atas Normal,143.2296,50 - 100 mm,Rendah,62.1725,150% - 200%,JUL,Atas Normal,194.7065,Rendah,20 - 50 mm,44.6105,> 200%,AGT,Atas Normal,293.7659,Rendah,20 - 50 mm,37.7451,48.17603333333333,210.56733333333332
-7.8,110.45,115% - 150%,JUN,Sleman,Daerah Istimewa Yogyakarta,Atas Normal,149.0169,50 - 100 mm,Rendah,72.548,> 200%,JUL,Atas Normal,206.3965,Rendah,20 - 50 mm,38.5103,> 200%,AGT,Atas Normal,314.1533,Rendah,50 - 100 mm,51.1545,54.070933333333336,223.18890000000002
-7.8,110.5,115% - 150%,JUN,Sleman,Daerah Istimewa Yogyakarta,Atas Normal,148.623,50 - 100 mm,Rendah,75.537,> 200%,JUL,Atas Normal,207.6896,Rendah,20 - 50 mm,44.8075,> 200%,AGT,Atas Normal,320.9858,Rendah,50 - 100 mm,55.3071,58.550533333333334,225.7661333333333
-7.75,110.15,115% - 150%,JUN,Kulon Progo,Daerah Istimewa Yogyakarta,Atas Normal,145.277,50 - 100 mm,Rendah,86.6735,> 200%,JUL,Atas Normal,200.6649,Rendah,50 - 100 mm,52.3077,> 200%,AGT,Atas Normal,315.4002,Rendah,20 - 50 mm,45.2365,61.4059,220.44736666666665
-7.75,110.2,115% - 150%,JUN,Kulon Progo,Daerah Istimewa Yogyakarta,Atas Normal,146.2909,50 - 100 mm,Rendah,73.5935,> 200%,JUL,Atas Normal,202.2757,Rendah,20 - 50 mm,48.2074,> 200%,AGT,Atas Normal,316.5316,Rendah,20 - 50 mm,36.4949,52.76526666666667,221.6994
-7.75,110.25,115% - 150%,JUN,Sleman,Daerah Istimewa Yogyakarta,Atas Normal,147.515,50 - 100 mm,Rendah,67.2004,> 200%,JUL,Atas Normal,204.0015,Rendah,20 - 50 mm,48.7077,> 200%,AGT,Atas Normal,317.8442,Rendah,20 - 50 mm,35.4621,50.45673333333334,223.12023333333332
-7.75,110.3,115% - 150%,JUN,Sleman,Daerah Istimewa Yogyakarta,Atas Normal,149.1789,50 - 100 mm,Rendah,71.0723,> 200%,JUL,Atas Normal,206.4814,Rendah,50 - 100 mm,51.4816,> 200%,AGT,Atas Normal,320.4863,Rendah,20 - 50 mm,34.2086,52.25416666666666,225.3822
-7.75,110.35,150% - 200%,JUN,Sleman,Daerah Istimewa Yogyakarta,Atas Normal,151.5454,50 - 100 mm,Rendah,73.8965,> 200%,JUL,Atas Normal,210.5413,Rendah,20 - 50 mm,47.7997,> 200%,AGT,Atas Normal,326.0849,Rendah,20 - 50 mm,44.9308,55.54233333333334,229.39053333333334
-7.75,110.4,150% - 200%,JUN,Sleman,Daerah Istimewa Yogyakarta,Atas Normal,154.9084,50 - 100 mm,Rendah,77.6424,> 200%,JUL,Atas Normal,217.2374,Rendah,20 - 50 mm,48.4202,> 200%,AGT,Atas Normal,336.8373,Rendah,50 - 100 mm,56.9284,60.99700000000001,236.32770000000002
-7.75,110.45,150% - 200%,JUN,Sleman,Daerah Istimewa Yogyakarta,Atas Normal,154.603,50 - 100 mm,Rendah,72.9608,> 200%,JUL,Atas Normal,218.5072,Rendah,20 - 50 mm,45.1479,> 200%,AGT,Atas Normal,342.898,Rendah,50 - 100 mm,68.9221,62.3436,238.6694
-7.7,110.15,150% - 200%,JUN,Kulon Progo,Daerah Istimewa Yogyakarta,Atas Normal,150.9122,50 - 100 mm,Rendah,95.9111,> 200%,JUL,Atas Normal,210.5861,Rendah,50 - 100 mm,62.0442,> 200%,AGT,Atas Normal,338.2728,Rendah,50 - 100 mm,59.6942,72.54983333333332,233.2570333333333
-7.7,110.2,150% - 200%,JUN,Kulon Progo,Daerah Istimewa Yogyakarta,Atas Normal,151.9125,50 - 100 mm,Rendah,86.0014,> 200%,JUL,Atas Normal,212.5002,Rendah,50 - 100 mm,53.6932,> 200%,AGT,Atas Normal,340.4483,Rendah,50 - 100 mm,52.5497,64.08143333333334,234.95366666666666
-7.7,110.25,150% - 200%,JUN,Kulon Progo,Daerah Istimewa Yogyakarta,Atas Normal,153.1199,50 - 100 mm,Rendah,73.6109,> 200%,JUL,Atas Normal,214.5001,Rendah,50 - 100 mm,54.0504,> 200%,AGT,Atas Normal,342.6054,Rendah,20 - 50 mm,44.3136,57.324966666666676,236.7418
-7.7,110.3,150% - 200%,JUN,Sleman,Daerah Istimewa Yogyakarta,Atas Normal,154.7734,50 - 100 mm,Rendah,75.0509,> 200%,JUL,Atas Normal,217.2704,Rendah,50 - 100 mm,58.8542,> 200%,AGT,Atas Normal,346.079,Rendah,50 - 100 mm,50.1149,61.34,239.3742666666667
-7.7,110.35,150% - 200%,JUN,Sleman,Daerah Istimewa Yogyakarta,Atas Normal,157.1464,100 - 150 mm,Menengah,105.3549,> 200%,JUL,Atas Normal,221.6766,Rendah,50 - 100 mm,74.8112,> 200%,AGT,Atas Normal,352.6434,Rendah,50 - 100 mm,65.5434,81.90316666666666,243.82213333333334
-7.7,110.4,150% - 200%,JUN,Sleman,Daerah Istimewa Yogyakarta,Atas Normal,160.5448,50 - 100 mm,Rendah,98.7225,> 200%,JUL,Atas Normal,228.8224,Rendah,50 - 100 mm,68.9724,> 200%,AGT,Atas Normal,364.6764,Rendah,50 - 100 mm,79.0854,82.26010000000001,251.34786666666665
-7.7,110.45,150% - 200%,JUN,Sleman,Daerah Istimewa Yogyakarta,Atas Normal,159.6862,50 - 100 mm,Rendah,87.5807,> 200%,JUL,Atas Normal,229.1773,Rendah,50 - 100 mm,64.296,> 200%,AGT,Atas Normal,369.4563,Rendah,50 - 100 mm,89.1694,80.3487,252.77326666666667
-7.65,110.15,150% - 200%,JUN,Kulon Progo,Daerah Istimewa Yogyakarta,Atas Normal,156.0738,100 - 150 mm,Menengah,103.5726,> 200%,JUL,Atas Normal,219.0814,Rendah,50 - 100 mm,72.4972,> 200%,AGT,Atas Normal,359.0866,Rendah,50 - 100 mm,82.5541,86.20796666666666,244.74726666666666
-7.65,110.25,150% - 200%,JUN,Kulon Progo,Daerah Istimewa Yogyakarta,Atas Normal,158.1552,50 - 100 mm,Rendah,76.9713,> 200%,JUL,Atas Normal,223.295,Rendah,50 - 100 mm,61.1983,> 200%,AGT,Atas Normal,364.5593,Rendah,50 - 100 mm,68.8891,69.01956666666666,248.66983333333334
-7.65,110.35,150% - 200%,JUN,Sleman,Daerah Istimewa Yogyakarta,Atas Normal,162.0793,100 - 150 mm,Menengah,132.9511,> 200%,JUL,Atas Normal,230.8486,Menengah,100 - 150 mm,107.2366,> 200%,AGT,Atas Normal,375.9003,Rendah,50 - 100 mm,84.3926,108.19343333333335,256.2760666666667
-7.65,110.4,150% - 200%,JUN,Sleman,Daerah Istimewa Yogyakarta,Atas Normal,165.4647,100 - 150 mm,Menengah,122.6561,> 200%,JUL,Atas Normal,238.295,Rendah,50 - 100 mm,90.4794,> 200%,AGT,Atas Normal,388.9361,Rendah,50 - 100 mm,96.2249,103.12013333333333,264.2319333333333
-7.65,110.45,150% - 200%,JUN,Sleman,Daerah Istimewa Yogyakarta,Atas Normal,163.9849,50 - 100 mm,Rendah,93.9512,> 200%,JUL,Atas Normal,237.2655,Rendah,50 - 100 mm,75.8733,> 200%,AGT,Atas Normal,390.8346,Menengah,100 - 150 mm,119.5834,96.46929999999999,264.02833333333336
-7.6,110.4,150% - 200%,JUN,Sleman,Daerah Istimewa Yogyakarta,Atas Normal,169.3446,100 - 150 mm,Menengah,116.869,> 200%,JUL,Atas Normal,244.5963,Rendah,50 - 100 mm,85.4368,> 200%,AGT,Atas Normal,407.0447,Menengah,100 - 150 mm,102.4987,101.6015,273.66186666666664
-7.6,110.45,150% - 200%,JUN,Sleman,Daerah Istimewa Yogyakarta,Atas Normal,168.1731,50 - 100 mm,Rendah,98.7322,> 200%,JUL,Atas Normal,243.1627,Rendah,50 - 100 mm,84.8213,> 200%,AGT,Atas Normal,407.224,Menengah,100 - 150 mm,113.366,98.97316666666666,272.8532666666667
-7.55,110.45,150% - 200%,JUN,Sleman,Daerah Istimewa Yogyakarta,Atas Normal,169.6736,100 - 150 mm,Menengah,109.4133,> 200%,JUL,Atas Normal,243.7972,Rendah,50 - 100 mm,93.9298,> 200%,AGT,Atas Normal,414.1497,Menengah,100 - 150 mm,103.0354,102.12616666666666,275.8735
