LAT,LON,KelasSH_feb,Bulan_feb,Id Prov,KategoriSH_feb,SH_feb,KelasCH_feb,KategoriCH_feb,CH_feb,KelasSH_des,Bulan_des,KategoriSH_des,SH_des,KategoriCH_des,KelasCH_des,CH_des,KelasSH_jan,Bulan_jan,KategoriSH_jan,SH_jan,CH_jan,KelasCH_jan,KategoriCH_jan,rainfall,Sifat_Hujan_Rata,temperature,humidity,predicted_usable
-8.15,110.65,115% - 150%,FEB,Daerah Istimewa Yogyakarta,Atas Normal,117.4316,400 - 500 mm,Tinggi,452.4859,115% - 150%,DES,Atas Normal,146.4283,Sangat Tinggi,> 500 mm,609.4785,85% - 115%,JAN,Normal,114.4883,455.4063,400 - 500 mm,Tinggi,505.7902333333333,126.11606666666668,24.70940170940171,91.24786324786324,pepaya
-8.15,110.7,115% - 150%,FEB,Daerah Istimewa Yogyakarta,Atas Normal,116.2812,400 - 500 mm,Tinggi,421.4987,115% - 150%,DES,Atas Normal,145.0295,Sangat Tinggi,> 500 mm,559.7569,85% - 115%,JAN,Normal,113.207,431.3611,400 - 500 mm,Tinggi,470.8722333333333,124.83923333333333,24.70940170940171,91.24786324786324,pepaya
-8.15,110.75,115% - 150%,FEB,Daerah Istimewa Yogyakarta,Atas Normal,115.0081,300 - 400 mm,Tinggi,386.6757,115% - 150%,DES,Atas Normal,143.4213,Sangat Tinggi,> 500 mm,507.4721,85% - 115%,JAN,Normal,111.706,402.844,400 - 500 mm,Tinggi,432.3306,123.37846666666668,24.70940170940171,91.24786324786324,pepaya
-8.1,110.45,85% - 115%,FEB,Daerah Istimewa Yogyakarta,Normal,110.5094,300 - 400 mm,Tinggi,358.0659,115% - 150%,DES,Atas Normal,137.1493,Sangat Tinggi,> 500 mm,512.2712,85% - 115%,JAN,Normal,107.853,399.9005,300 - 400 mm,Tinggi,423.4125333333333,118.5039,24.70940170940171,91.24786324786324,pepaya
-8.1,110.5,85% - 115%,FEB,Daerah Istimewa Yogyakarta,Normal,111.4197,300 - 400 mm,Tinggi,375.0176,115% - 150%,DES,Atas Normal,137.2903,Sangat Tinggi,> 500 mm,507.7401,85% - 115%,JAN,Normal,109.0243,408.5059,400 - 500 mm,Tinggi,430.4212,119.24476666666668,24.70940170940171,91.24786324786324,pepaya
-8.1,110.55,85% - 115%,FEB,Daerah Istimewa Yogyakarta,Normal,112.5996,400 - 500 mm,Tinggi,401.9702,115% - 150%,DES,Atas Normal,138.1748,Sangat Tinggi,> 500 mm,523.1091,85% - 115%,JAN,Normal,110.3429,424.78,400 - 500 mm,Tinggi,449.9531,120.37243333333332,24.70940170940171,91.24786324786324,pepaya
-8.1,110.6,85% - 115%,FEB,Daerah Istimewa Yogyakarta,Normal,112.8295,400 - 500 mm,Tinggi,437.8918,115% - 150%,DES,Atas Normal,138.5402,Sangat Tinggi,> 500 mm,560.4085,85% - 115%,JAN,Normal,110.6008,446.4184,400 - 500 mm,Tinggi,481.5729,120.65683333333334,24.70940170940171,91.24786324786324,pepaya
-8.1,110.65,85% - 115%,FEB,Daerah Istimewa Yogyakarta,Normal,112.5128,400 - 500 mm,Tinggi,443.644,115% - 150%,DES,Atas Normal,138.2213,Sangat Tinggi,> 500 mm,566.7143,85% - 115%,JAN,Normal,110.2695,448.9541,400 - 500 mm,Tinggi,486.4374666666667,120.33453333333334,24.70940170940171,91.24786324786324,pepaya
-8.1,110.7,85% - 115%,FEB,Daerah Istimewa Yogyakarta,Normal,111.4052,400 - 500 mm,Tinggi,404.8752,115% - 150%,DES,Atas Normal,136.892,Sangat Tinggi,> 500 mm,511.592,85% - 115%,JAN,Normal,109.0584,419.341,400 - 500 mm,Tinggi,445.2694,119.11853333333332,24.70940170940171,91.24786324786324,pepaya
-8.1,110.75,85% - 115%,FEB,Daerah Istimewa Yogyakarta,Normal,110.2622,300 - 400 mm,Tinggi,365.1559,115% - 150%,DES,Atas Normal,135.408,Tinggi,400 - 500 mm,456.5725,85% - 115%,JAN,Normal,107.5146,388.5075,300 - 400 mm,Tinggi,403.4119666666666,117.72826666666668,24.70940170940171,91.24786324786324,pepaya
-8.05,110.4,85% - 115%,FEB,Daerah Istimewa Yogyakarta,Normal,105.8954,300 - 400 mm,Tinggi,323.5804,115% - 150%,DES,Atas Normal,131.0758,Tinggi,400 - 500 mm,465.634,85% - 115%,JAN,Normal,103.5805,372.4759,300 - 400 mm,Tinggi,387.2301000000001,113.51723333333332,24.70940170940171,91.24786324786324,pepaya
-8.05,110.45,85% - 115%,FEB,Daerah Istimewa Yogyakarta,Normal,107.0989,300 - 400 mm,Tinggi,348.9917,115% - 150%,DES,Atas Normal,130.6315,Tinggi,400 - 500 mm,485.2448,85% - 115%,JAN,Normal,104.9971,394.253,300 - 400 mm,Tinggi,409.4965,114.2425,24.70940170940171,91.24786324786324,pepaya
-8.05,110.5,85% - 115%,FEB,Daerah Istimewa Yogyakarta,Normal,107.7462,300 - 400 mm,Tinggi,350.3967,115% - 150%,DES,Atas Normal,130.2737,Tinggi,400 - 500 mm,444.9685,85% - 115%,JAN,Normal,106.2326,388.0473,300 - 400 mm,Tinggi,394.4708333333333,114.75083333333332,24.70940170940171,91.24786324786324,pepaya
-8.05,110.55,85% - 115%,FEB,Daerah Istimewa Yogyakarta,Normal,107.8124,300 - 400 mm,Tinggi,356.4515,115% - 150%,DES,Atas Normal,130.02,Tinggi,400 - 500 mm,426.1257,85% - 115%,JAN,Normal,106.8742,389.9398,300 - 400 mm,Tinggi,390.839,114.9022,24.70940170940171,91.24786324786324,pepaya
-8.05,110.6,85% - 115%,FEB,Daerah Istimewa Yogyakarta,Normal,108.085,300 - 400 mm,Tinggi,396.2476,115% - 150%,DES,Atas Normal,130.4678,Tinggi,400 - 500 mm,457.9924,85% - 115%,JAN,Normal,107.0422,407.9454,400 - 500 mm,Tinggi,420.7284666666667,115.19833333333332,24.70940170940171,91.24786324786324,pepaya
-8.05,110.65,85% - 115%,FEB,Daerah Istimewa Yogyakarta,Normal,107.6103,300 - 400 mm,Tinggi,392.393,115% - 150%,DES,Atas Normal,130.1934,Tinggi,400 - 500 mm,453.3664,85% - 115%,JAN,Normal,106.5661,401.4418,400 - 500 mm,Tinggi,415.7337333333333,114.78993333333334,24.70940170940171,91.24786324786324,pepaya
-8.05,110.7,85% - 115%,FEB,Daerah Istimewa Yogyakarta,Normal,107.2983,300 - 400 mm,Tinggi,373.9592,115% - 150%,DES,Atas Normal,129.3111,Tinggi,400 - 500 mm,435.4191,85% - 115%,JAN,Normal,105.8339,387.2239,300 - 400 mm,Tinggi,398.8674,114.14776666666668,24.70940170940171,91.24786324786324,pepaya
-8.05,110.75,85% - 115%,FEB,Daerah Istimewa Yogyakarta,Normal,106.8395,300 - 400 mm,Tinggi,347.7909,115% - 150%,DES,Atas Normal,127.9979,Tinggi,400 - 500 mm,404.0176,85% - 115%,JAN,Normal,104.5818,362.0981,300 - 400 mm,Tinggi,371.3022,113.13973333333333,24.70940170940171,91.24786324786324,pepaya
-8.0,110.35,85% - 115%,FEB,Daerah Istimewa Yogyakarta,Normal,103.4619,300 - 400 mm,Tinggi,336.0537,115% - 150%,DES,Atas Normal,127.7627,Tinggi,400 - 500 mm,464.7442,85% - 115%,JAN,Normal,101.2283,380.0285,300 - 400 mm,Tinggi,393.6088,110.81763333333332,24.70940170940171,91.24786324786324,pepaya
-8.0,110.4,85% - 115%,FEB,Daerah Istimewa Yogyakarta,Normal,103.1273,300 - 400 mm,Tinggi,332.8069,115% - 150%,DES,Atas Normal,126.3425,Tinggi,400 - 500 mm,453.6167,85% - 115%,JAN,Normal,101.461,369.7139,300 - 400 mm,Tinggi,385.37916666666666,110.31026666666668,24.70940170940171,91.24786324786324,pepaya
-8.0,110.45,85% - 115%,FEB,Daerah Istimewa Yogyakarta,Normal,104.5513,300 - 400 mm,Tinggi,348.03,115% - 150%,DES,Atas Normal,125.4574,Tinggi,400 - 500 mm,436.5662,85% - 115%,JAN,Normal,103.089,373.9481,300 - 400 mm,Tinggi,386.18143333333336,111.03256666666668,24.70940170940171,91.24786324786324,pepaya
-8.0,110.5,85% - 115%,FEB,Daerah Istimewa Yogyakarta,Normal,105.2558,300 - 400 mm,Tinggi,338.8745,115% - 150%,DES,Atas Normal,124.2757,Tinggi,300 - 400 mm,383.7216,85% - 115%,JAN,Normal,104.3325,362.3645,300 - 400 mm,Tinggi,361.6535333333333,111.288,24.70940170940171,91.24786324786324,pepaya
-8.0,110.55,85% - 115%,FEB,Daerah Istimewa Yogyakarta,Normal,105.1923,300 - 400 mm,Tinggi,347.305,115% - 150%,DES,Atas Normal,123.5244,Tinggi,300 - 400 mm,352.9523,85% - 115%,JAN,Normal,104.8765,360.1992,300 - 400 mm,Tinggi,353.4855,111.19773333333336,24.70940170940171,91.24786324786324,pepaya
-8.0,110.6,85% - 115%,FEB,Daerah Istimewa Yogyakarta,Normal,104.6965,300 - 400 mm,Tinggi,359.828,115% - 150%,DES,Atas Normal,123.4271,Tinggi,300 - 400 mm,344.8428,85% - 115%,JAN,Normal,105.2847,360.9178,300 - 400 mm,Tinggi,355.19620000000003,111.1361,24.70940170940171,91.24786324786324,pepaya
-8.0,110.65,85% - 115%,FEB,Daerah Istimewa Yogyakarta,Normal,104.2803,300 - 400 mm,Tinggi,343.2526,115% - 150%,DES,Atas Normal,124.1295,Tinggi,300 - 400 mm,353.4026,85% - 115%,JAN,Normal,104.6183,356.0078,300 - 400 mm,Tinggi,350.8876666666667,111.00936666666666,24.70940170940171,91.24786324786324,pepaya
-8.0,110.7,85% - 115%,FEB,Daerah Istimewa Yogyakarta,Normal,104.601,300 - 400 mm,Tinggi,343.8902,115% - 150%,DES,Atas Normal,123.8363,Tinggi,300 - 400 mm,366.8284,85% - 115%,JAN,Normal,104.8477,353.58,300 - 400 mm,Tinggi,354.7662,111.09499999999998,24.70940170940171,91.24786324786324,pepaya
-8.0,110.75,85% - 115%,FEB,Daerah Istimewa Yogyakarta,Normal,104.2713,300 - 400 mm,Tinggi,314.8377,115% - 150%,DES,Atas Normal,122.8024,Tinggi,300 - 400 mm,339.7653,85% - 115%,JAN,Normal,103.897,325.6293,300 - 400 mm,Tinggi,326.74410000000006,110.32356666666668,24.70940170940171,91.24786324786324,pepaya
-7.95,110.45,85% - 115%,FEB,Daerah Istimewa Yogyakarta,Normal,104.6961,300 - 400 mm,Tinggi,377.604,115% - 150%,DES,Atas Normal,123.1556,Tinggi,400 - 500 mm,417.4177,85% - 115%,JAN,Normal,103.9185,367.7752,300 - 400 mm,Tinggi,387.5989666666667,110.59006666666666,24.70940170940171,91.24786324786324,pepaya
-7.95,110.5,85% - 115%,FEB,Daerah Istimewa Yogyakarta,Normal,105.845,300 - 400 mm,Tinggi,362.6179,115% - 150%,DES,Atas Normal,122.3145,Tinggi,300 - 400 mm,378.8663,85% - 115%,JAN,Normal,104.7021,362.2005,300 - 400 mm,Tinggi,367.8949,110.95386666666666,24.70940170940171,91.24786324786324,pepaya
-7.95,110.55,85% - 115%,FEB,Daerah Istimewa Yogyakarta,Normal,105.8241,300 - 400 mm,Tinggi,379.3519,115% - 150%,DES,Atas Normal,121.5892,Tinggi,300 - 400 mm,351.3973,85% - 115%,JAN,Normal,105.8328,363.557,300 - 400 mm,Tinggi,364.7687333333333,111.08203333333334,24.70940170940171,91.24786324786324,pepaya
-7.95,110.6,85% - 115%,FEB,Daerah Istimewa Yogyakarta,Normal,105.3449,300 - 400 mm,Tinggi,369.0836,115% - 150%,DES,Atas Normal,122.2305,Tinggi,300 - 400 mm,337.9053,85% - 115%,JAN,Normal,106.0752,369.9316,300 - 400 mm,Tinggi,358.97350000000006,111.21686666666666,24.70940170940171,91.24786324786324,pepaya
-7.95,110.65,85% - 115%,FEB,Daerah Istimewa Yogyakarta,Normal,104.324,300 - 400 mm,Tinggi,339.9212,115% - 150%,DES,Atas Normal,122.1145,Tinggi,300 - 400 mm,331.2782,85% - 115%,JAN,Normal,106.1097,354.1975,300 - 400 mm,Tinggi,341.7989666666667,110.8494,24.70940170940171,91.24786324786324,pepaya
-7.95,110.7,85% - 115%,FEB,Daerah Istimewa Yogyakarta,Normal,103.2509,200 - 300 mm,Menengah,299.9613,115% - 150%,DES,Atas Normal,120.2684,Menengah,200 - 300 mm,288.6795,85% - 115%,JAN,Normal,105.1809,315.4581,300 - 400 mm,Tinggi,301.3663,109.56673333333332,24.70940170940171,91.24786324786324,pepaya
-7.95,110.75,85% - 115%,FEB,Daerah Istimewa Yogyakarta,Normal,102.8933,200 - 300 mm,Menengah,283.6686,115% - 150%,DES,Atas Normal,119.9691,Menengah,200 - 300 mm,280.8531,85% - 115%,JAN,Normal,104.7419,296.6449,200 - 300 mm,Menengah,287.05553333333336,109.20143333333333,24.70940170940171,91.24786324786324,pepaya
-7.9,110.5,85% - 115%,FEB,Daerah Istimewa Yogyakarta,Normal,107.8185,400 - 500 mm,Tinggi,400.0405,115% - 150%,DES,Atas Normal,122.9281,Tinggi,400 - 500 mm,407.1277,85% - 115%,JAN,Normal,106.4773,360.6605,300 - 400 mm,Tinggi,389.2762333333333,112.40796666666668,24.70940170940171,91.24786324786324,pepaya
-7.9,110.55,85% - 115%,FEB,Daerah Istimewa Yogyakarta,Normal,108.0708,400 - 500 mm,Tinggi,427.4736,115% - 150%,DES,Atas Normal,122.9923,Tinggi,400 - 500 mm,403.5328,85% - 115%,JAN,Normal,107.2398,367.5719,300 - 400 mm,Tinggi,399.5261,112.76763333333334,24.70940170940171,91.24786324786324,pepaya
-7.9,110.6,85% - 115%,FEB,Daerah Istimewa Yogyakarta,Normal,106.7791,300 - 400 mm,Tinggi,373.2293,115% - 150%,DES,Atas Normal,122.3741,Tinggi,300 - 400 mm,351.0651,85% - 115%,JAN,Normal,108.2621,362.5627,300 - 400 mm,Tinggi,362.2857,112.47176666666668,24.70940170940171,91.24786324786324,pepaya
-7.9,110.65,85% - 115%,FEB,Daerah Istimewa Yogyakarta,Normal,104.9356,300 - 400 mm,Tinggi,318.486,115% - 150%,DES,Atas Normal,120.6698,Menengah,200 - 300 mm,293.4737,85% - 115%,JAN,Normal,107.7993,328.2199,300 - 400 mm,Tinggi,313.3932,111.1349,24.70940170940171,91.24786324786324,pepaya
-7.9,110.7,85% - 115%,FEB,Daerah Istimewa Yogyakarta,Normal,102.4923,200 - 300 mm,Menengah,271.886,115% - 150%,DES,Atas Normal,117.4854,Menengah,200 - 300 mm,242.789,85% - 115%,JAN,Normal,106.1195,288.6238,200 - 300 mm,Menengah,267.7662666666667,108.69906666666668,24.70940170940171,91.24786324786324,pepaya
-7.9,110.75,85% - 115%,FEB,Daerah Istimewa Yogyakarta,Normal,102.3408,200 - 300 mm,Menengah,269.2385,115% - 150%,DES,Atas Normal,116.5227,Menengah,200 - 300 mm,244.0501,85% - 115%,JAN,Normal,106.1758,284.3099,200 - 300 mm,Menengah,265.8661666666667,108.34643333333332,24.70940170940171,91.24786324786324,pepaya
-7.85,110.5,85% - 115%,FEB,Daerah Istimewa Yogyakarta,Normal,109.9024,400 - 500 mm,Tinggi,410.4192,115% - 150%,DES,Atas Normal,123.3487,Tinggi,400 - 500 mm,409.9316,85% - 115%,JAN,Normal,109.7023,346.5354,300 - 400 mm,Tinggi,388.96206666666666,114.3178,24.70940170940171,91.24786324786324,pepaya
-7.85,110.55,85% - 115%,FEB,Daerah Istimewa Yogyakarta,Normal,109.7461,300 - 400 mm,Tinggi,381.5112,115% - 150%,DES,Atas Normal,123.602,Tinggi,300 - 400 mm,373.5178,85% - 115%,JAN,Normal,111.0415,346.4117,300 - 400 mm,Tinggi,367.1469,114.79653333333331,24.70940170940171,91.24786324786324,pepaya
-7.85,110.6,85% - 115%,FEB,Daerah Istimewa Yogyakarta,Normal,107.8084,300 - 400 mm,Tinggi,355.2101,115% - 150%,DES,Atas Normal,121.9109,Tinggi,300 - 400 mm,330.0568,85% - 115%,JAN,Normal,111.3595,341.5127,300 - 400 mm,Tinggi,342.2598666666667,113.69293333333331,24.70940170940171,91.24786324786324,pepaya
-7.85,110.65,85% - 115%,FEB,Daerah Istimewa Yogyakarta,Normal,105.1296,300 - 400 mm,Tinggi,311.545,115% - 150%,DES,Atas Normal,119.094,Menengah,200 - 300 mm,281.9167,85% - 115%,JAN,Normal,110.1876,313.6855,300 - 400 mm,Tinggi,302.3824,111.4704,24.70940170940171,91.24786324786324,pepaya
-7.85,110.7,85% - 115%,FEB,Daerah Istimewa Yogyakarta,Normal,102.9384,200 - 300 mm,Menengah,274.9388,115% - 150%,DES,Atas Normal,115.2151,Menengah,200 - 300 mm,244.3754,85% - 115%,JAN,Normal,108.5615,287.6883,200 - 300 mm,Menengah,269.00083333333333,108.90500000000002,24.70940170940171,91.24786324786324,pepaya
-7.85,110.75,85% - 115%,FEB,Daerah Istimewa Yogyakarta,Normal,103.6603,200 - 300 mm,Menengah,291.494,115% - 150%,DES,Atas Normal,115.2222,Menengah,200 - 300 mm,265.1003,85% - 115%,JAN,Normal,109.785,305.5207,300 - 400 mm,Tinggi,287.37166666666667,109.55583333333334,24.70940170940171,91.24786324786324,pepaya
-7.8,110.55,85% - 115%,FEB,Daerah Istimewa Yogyakarta,Normal,109.381,300 - 400 mm,Tinggi,360.1296,115% - 150%,DES,Atas Normal,122.3256,Tinggi,300 - 400 mm,334.8324,115% - 150%,JAN,Atas Normal,115.4641,352.6072,300 - 400 mm,Tinggi,349.1897333333333,115.72356666666668,24.70940170940171,91.24786324786324,pepaya
-7.8,110.6,85% - 115%,FEB,Daerah Istimewa Yogyakarta,Normal,107.7037,300 - 400 mm,Tinggi,341.9913,115% - 150%,DES,Atas Normal,120.1048,Tinggi,300 - 400 mm,305.6665,115% - 150%,JAN,Atas Normal,115.0619,342.4118,300 - 400 mm,Tinggi,330.02320000000003,114.29013333333332,24.70940170940171,91.24786324786324,pepaya
-7.8,110.65,85% - 115%,FEB,Daerah Istimewa Yogyakarta,Normal,106.5599,300 - 400 mm,Tinggi,320.7866,115% - 150%,DES,Atas Normal,118.4291,Menengah,200 - 300 mm,295.5279,85% - 115%,JAN,Normal,113.3374,325.9267,300 - 400 mm,Tinggi,314.0804,112.77546666666667,24.70940170940171,91.24786324786324,pepaya
-8.0,110.25,85% - 115%,FEB,Daerah Istimewa Yogyakarta,Normal,105.0324,300 - 400 mm,Tinggi,387.4473,115% - 150%,DES,Atas Normal,133.239,Sangat Tinggi,> 500 mm,591.8555,85% - 115%,JAN,Normal,103.4972,447.6389,400 - 500 mm,Tinggi,475.6472333333333,113.92286666666666,25.224137931034484,90.80172413793105,pepaya
-8.0,110.3,85% - 115%,FEB,Daerah Istimewa Yogyakarta,Normal,105.1438,300 - 400 mm,Tinggi,395.0949,115% - 150%,DES,Atas Normal,130.4926,Sangat Tinggi,> 500 mm,563.3731,85% - 115%,JAN,Normal,102.6618,446.8851,400 - 500 mm,Tinggi,468.4510333333333,112.76606666666667,25.224137931034484,90.80172413793105,pepaya
-7.95,110.25,85% - 115%,FEB,Daerah Istimewa Yogyakarta,Normal,104.8924,400 - 500 mm,Tinggi,410.1895,115% - 150%,DES,Atas Normal,129.8738,Sangat Tinggi,> 500 mm,595.8384,85% - 115%,JAN,Normal,104.0342,465.8529,400 - 500 mm,Tinggi,490.6269333333333,112.93346666666666,25.224137931034484,90.80172413793105,pepaya
-7.95,110.3,85% - 115%,FEB,Daerah Istimewa Yogyakarta,Normal,104.6878,400 - 500 mm,Tinggi,408.8662,115% - 150%,DES,Atas Normal,127.5925,Sangat Tinggi,> 500 mm,550.6705,85% - 115%,JAN,Normal,102.9975,450.7544,400 - 500 mm,Tinggi,470.0970333333333,111.75926666666668,25.224137931034484,90.80172413793105,pepaya
-7.95,110.35,85% - 115%,FEB,Daerah Istimewa Yogyakarta,Normal,102.4716,300 - 400 mm,Tinggi,355.0301,115% - 150%,DES,Atas Normal,125.2876,Tinggi,400 - 500 mm,459.7866,85% - 115%,JAN,Normal,101.2775,385.6916,300 - 400 mm,Tinggi,400.1694333333333,109.6789,25.224137931034484,90.80172413793105,pepaya
-7.95,110.4,85% - 115%,FEB,Daerah Istimewa Yogyakarta,Normal,101.3651,300 - 400 mm,Tinggi,336.5766,115% - 150%,DES,Atas Normal,123.635,Tinggi,400 - 500 mm,414.4442,85% - 115%,JAN,Normal,101.6938,355.2464,300 - 400 mm,Tinggi,368.75573333333335,108.89796666666666,25.224137931034484,90.80172413793105,pepaya
-7.9,110.3,85% - 115%,FEB,Daerah Istimewa Yogyakarta,Normal,104.1993,300 - 400 mm,Tinggi,379.3579,115% - 150%,DES,Atas Normal,125.7344,Tinggi,400 - 500 mm,463.8797,85% - 115%,JAN,Normal,104.4967,394.5085,300 - 400 mm,Tinggi,412.5820333333333,111.47679999999998,25.224137931034484,90.80172413793105,pepaya
-7.9,110.35,85% - 115%,FEB,Daerah Istimewa Yogyakarta,Normal,102.0268,300 - 400 mm,Tinggi,354.3063,115% - 150%,DES,Atas Normal,124.6364,Tinggi,400 - 500 mm,432.0745,85% - 115%,JAN,Normal,103.777,370.9776,300 - 400 mm,Tinggi,385.7861333333333,110.14673333333332,25.224137931034484,90.80172413793105,pepaya
-7.9,110.4,85% - 115%,FEB,Daerah Istimewa Yogyakarta,Normal,104.0303,300 - 400 mm,Tinggi,396.7062,115% - 150%,DES,Atas Normal,124.3235,Tinggi,400 - 500 mm,439.631,85% - 115%,JAN,Normal,105.574,382.4855,300 - 400 mm,Tinggi,406.2742333333333,111.30926666666666,25.224137931034484,90.80172413793105,pepaya
-7.9,110.45,85% - 115%,FEB,Daerah Istimewa Yogyakarta,Normal,106.8537,400 - 500 mm,Tinggi,420.2701,115% - 150%,DES,Atas Normal,123.4247,Tinggi,400 - 500 mm,427.8915,85% - 115%,JAN,Normal,106.0051,371.2217,300 - 400 mm,Tinggi,406.4611,112.0945,25.224137931034484,90.80172413793105,pepaya
-7.85,110.25,85% - 115%,FEB,Daerah Istimewa Yogyakarta,Normal,103.539,300 - 400 mm,Tinggi,349.0231,115% - 150%,DES,Atas Normal,123.4707,Tinggi,300 - 400 mm,363.3466,85% - 115%,JAN,Normal,106.8822,328.7229,300 - 400 mm,Tinggi,347.03086666666667,111.2973,25.224137931034484,90.80172413793105,pepaya
-7.85,110.3,85% - 115%,FEB,Daerah Istimewa Yogyakarta,Normal,103.8725,300 - 400 mm,Tinggi,387.0979,115% - 150%,DES,Atas Normal,125.1764,Tinggi,400 - 500 mm,406.7766,85% - 115%,JAN,Normal,106.7509,364.418,300 - 400 mm,Tinggi,386.0975,111.93326666666668,25.224137931034484,90.80172413793105,pepaya
-7.85,110.35,85% - 115%,FEB,Daerah Istimewa Yogyakarta,Normal,105.216,400 - 500 mm,Tinggi,403.0964,115% - 150%,DES,Atas Normal,124.0316,Tinggi,400 - 500 mm,407.1528,85% - 115%,JAN,Normal,107.7624,370.9738,300 - 400 mm,Tinggi,393.741,112.33666666666666,25.224137931034484,90.80172413793105,pepaya
-7.85,110.4,85% - 115%,FEB,Daerah Istimewa Yogyakarta,Normal,106.5111,400 - 500 mm,Tinggi,419.588,115% - 150%,DES,Atas Normal,122.6911,Tinggi,400 - 500 mm,421.0803,85% - 115%,JAN,Normal,108.083,369.7287,300 - 400 mm,Tinggi,403.46566666666666,112.4284,25.224137931034484,90.80172413793105,pepaya
-7.85,110.45,85% - 115%,FEB,Daerah Istimewa Yogyakarta,Normal,108.8,400 - 500 mm,Tinggi,414.054,115% - 150%,DES,Atas Normal,122.5605,Tinggi,400 - 500 mm,416.3821,85% - 115%,JAN,Normal,109.2822,371.1814,300 - 400 mm,Tinggi,400.5391666666666,113.54756666666668,25.224137931034484,90.80172413793105,pepaya
-7.8,110.4,85% - 115%,FEB,Daerah Istimewa Yogyakarta,Normal,108.5137,400 - 500 mm,Tinggi,413.1222,115% - 150%,DES,Atas Normal,120.1849,Tinggi,300 - 400 mm,393.2138,85% - 115%,JAN,Normal,111.2577,384.662,300 - 400 mm,Tinggi,396.99933333333337,113.31876666666666,25.224137931034484,90.80172413793105,pepaya
-7.95,110.15,85% - 115%,FEB,Daerah Istimewa Yogyakarta,Normal,100.0841,200 - 300 mm,Menengah,277.8952,115% - 150%,DES,Atas Normal,133.2739,Tinggi,400 - 500 mm,460.894,85% - 115%,JAN,Normal,103.9675,321.3659,300 - 400 mm,Tinggi,353.3850333333333,112.44183333333336,24.97435897435897,91.55555555555556,pepaya
-7.95,110.2,85% - 115%,FEB,Daerah Istimewa Yogyakarta,Normal,102.4235,300 - 400 mm,Tinggi,328.3399,115% - 150%,DES,Atas Normal,131.3234,Sangat Tinggi,> 500 mm,502.4892,85% - 115%,JAN,Normal,103.8081,369.0882,300 - 400 mm,Tinggi,399.9724333333333,112.51833333333332,24.97435897435897,91.55555555555556,pepaya
-7.9,110.05,85% - 115%,FEB,Daerah Istimewa Yogyakarta,Normal,98.4958,200 - 300 mm,Menengah,271.4256,115% - 150%,DES,Atas Normal,134.826,Tinggi,400 - 500 mm,479.4457,85% - 115%,JAN,Normal,105.2872,364.6745,300 - 400 mm,Tinggi,371.8486,112.86966666666666,24.97435897435897,91.55555555555556,pepaya
-7.9,110.1,85% - 115%,FEB,Daerah Istimewa Yogyakarta,Normal,98.7781,200 - 300 mm,Menengah,274.7845,115% - 150%,DES,Atas Normal,131.8757,Tinggi,400 - 500 mm,464.6276,85% - 115%,JAN,Normal,105.315,347.2378,300 - 400 mm,Tinggi,362.2166333333333,111.9896,24.97435897435897,91.55555555555556,pepaya
-7.9,110.15,85% - 115%,FEB,Daerah Istimewa Yogyakarta,Normal,100.0149,200 - 300 mm,Menengah,283.8659,115% - 150%,DES,Atas Normal,128.8305,Tinggi,400 - 500 mm,432.608,85% - 115%,JAN,Normal,104.6907,319.9843,300 - 400 mm,Tinggi,345.48606666666666,111.1787,24.97435897435897,91.55555555555556,pepaya
-7.9,110.2,85% - 115%,FEB,Daerah Istimewa Yogyakarta,Normal,102.1613,300 - 400 mm,Tinggi,322.7921,115% - 150%,DES,Atas Normal,127.693,Tinggi,400 - 500 mm,452.742,85% - 115%,JAN,Normal,105.8236,365.5882,300 - 400 mm,Tinggi,380.3741,111.89263333333334,24.97435897435897,91.55555555555556,pepaya
-7.9,110.25,85% - 115%,FEB,Daerah Istimewa Yogyakarta,Normal,104.7319,300 - 400 mm,Tinggi,369.7956,115% - 150%,DES,Atas Normal,126.6789,Tinggi,400 - 500 mm,467.601,85% - 115%,JAN,Normal,105.7445,390.5337,300 - 400 mm,Tinggi,409.3101,112.3851,24.97435897435897,91.55555555555556,pepaya
-7.85,110.05,85% - 115%,FEB,Daerah Istimewa Yogyakarta,Normal,99.5712,300 - 400 mm,Tinggi,303.7219,115% - 150%,DES,Atas Normal,128.9209,Tinggi,400 - 500 mm,457.6911,85% - 115%,JAN,Normal,106.0616,385.5139,300 - 400 mm,Tinggi,382.30896666666666,111.5179,24.97435897435897,91.55555555555556,pepaya
-7.85,110.1,85% - 115%,FEB,Daerah Istimewa Yogyakarta,Normal,100.7629,300 - 400 mm,Tinggi,315.8878,115% - 150%,DES,Atas Normal,127.521,Tinggi,400 - 500 mm,472.4033,85% - 115%,JAN,Normal,105.9519,374.6325,300 - 400 mm,Tinggi,387.6412,111.41193333333337,24.97435897435897,91.55555555555556,pepaya
-7.85,110.15,85% - 115%,FEB,Daerah Istimewa Yogyakarta,Normal,101.3591,300 - 400 mm,Tinggi,310.7514,115% - 150%,DES,Atas Normal,124.9939,Tinggi,400 - 500 mm,412.6571,85% - 115%,JAN,Normal,106.3864,343.9178,300 - 400 mm,Tinggi,355.7754333333333,110.91313333333332,24.97435897435897,91.55555555555556,pepaya
-7.85,110.2,85% - 115%,FEB,Daerah Istimewa Yogyakarta,Normal,103.0262,300 - 400 mm,Tinggi,309.7835,115% - 150%,DES,Atas Normal,123.2448,Tinggi,300 - 400 mm,352.3036,85% - 115%,JAN,Normal,106.8022,304.3911,300 - 400 mm,Tinggi,322.1594,111.0244,24.97435897435897,91.55555555555556,pepaya
-7.8,110.1,85% - 115%,FEB,Daerah Istimewa Yogyakarta,Normal,102.64,300 - 400 mm,Tinggi,350.6083,115% - 150%,DES,Atas Normal,123.7884,Tinggi,400 - 500 mm,473.134,85% - 115%,JAN,Normal,106.6538,388.6921,300 - 400 mm,Tinggi,404.1448,111.0274,24.97435897435897,91.55555555555556,pepaya
-7.8,110.15,85% - 115%,FEB,Daerah Istimewa Yogyakarta,Normal,103.191,300 - 400 mm,Tinggi,332.2754,115% - 150%,DES,Atas Normal,121.2037,Tinggi,300 - 400 mm,395.9233,85% - 115%,JAN,Normal,106.5673,336.9519,300 - 400 mm,Tinggi,355.0502,110.32066666666668,24.97435897435897,91.55555555555556,pepaya
-7.8,110.2,85% - 115%,FEB,Daerah Istimewa Yogyakarta,Normal,102.8598,300 - 400 mm,Tinggi,318.007,115% - 150%,DES,Atas Normal,119.1564,Tinggi,300 - 400 mm,323.3249,85% - 115%,JAN,Normal,106.4016,299.636,200 - 300 mm,Menengah,313.6559666666667,109.4726,24.97435897435897,91.55555555555556,pepaya
-7.75,110.15,85% - 115%,FEB,Daerah Istimewa Yogyakarta,Normal,106.0536,300 - 400 mm,Tinggi,354.0071,115% - 150%,DES,Atas Normal,122.2055,Tinggi,400 - 500 mm,412.9997,85% - 115%,JAN,Normal,108.4714,362.4813,300 - 400 mm,Tinggi,376.4960333333333,112.2435,24.97435897435897,91.55555555555556,pepaya
-7.75,110.2,85% - 115%,FEB,Daerah Istimewa Yogyakarta,Normal,105.8733,300 - 400 mm,Tinggi,332.3392,115% - 150%,DES,Atas Normal,121.117,Tinggi,300 - 400 mm,345.1576,85% - 115%,JAN,Normal,108.1373,326.9128,300 - 400 mm,Tinggi,334.8032,111.7092,24.97435897435897,91.55555555555556,pepaya
-7.7,110.15,85% - 115%,FEB,Daerah Istimewa Yogyakarta,Normal,108.6311,400 - 500 mm,Tinggi,400.6347,115% - 150%,DES,Atas Normal,125.1908,Tinggi,400 - 500 mm,461.216,85% - 115%,JAN,Normal,111.4671,419.6653,400 - 500 mm,Tinggi,427.172,115.09633333333332,24.97435897435897,91.55555555555556,pepaya
-7.7,110.2,85% - 115%,FEB,Daerah Istimewa Yogyakarta,Normal,109.9212,300 - 400 mm,Tinggi,390.9057,115% - 150%,DES,Atas Normal,125.4842,Tinggi,400 - 500 mm,438.4653,85% - 115%,JAN,Normal,111.8098,405.2814,400 - 500 mm,Tinggi,411.5508,115.7384,24.97435897435897,91.55555555555556,pepaya
-7.7,110.25,85% - 115%,FEB,Daerah Istimewa Yogyakarta,Normal,110.6396,300 - 400 mm,Tinggi,391.2044,115% - 150%,DES,Atas Normal,125.9394,Tinggi,400 - 500 mm,427.6064,85% - 115%,JAN,Normal,112.5907,417.4847,400 - 500 mm,Tinggi,412.0985,116.3899,24.97435897435897,91.55555555555556,pepaya
-7.65,110.15,85% - 115%,FEB,Daerah Istimewa Yogyakarta,Normal,111.613,400 - 500 mm,Tinggi,458.3831,115% - 150%,DES,Atas Normal,128.6076,Sangat Tinggi,> 500 mm,512.3322,115% - 150%,JAN,Atas Normal,115.2731,490.4133,400 - 500 mm,Tinggi,487.0428666666666,118.4979,24.97435897435897,91.55555555555556,pepaya
-7.65,110.25,85% - 115%,FEB,Daerah Istimewa Yogyakarta,Normal,112.7649,300 - 400 mm,Tinggi,398.2308,115% - 150%,DES,Atas Normal,128.8368,Tinggi,400 - 500 mm,485.8261,115% - 150%,JAN,Atas Normal,117.8895,438.1626,400 - 500 mm,Tinggi,440.73983333333337,119.8304,24.97435897435897,91.55555555555556,pepaya
-7.8,110.35,85% - 115%,FEB,Daerah Istimewa Yogyakarta,Normal,107.3144,400 - 500 mm,Tinggi,409.0355,115% - 150%,DES,Atas Normal,119.9999,Tinggi,300 - 400 mm,378.199,85% - 115%,JAN,Normal,109.5493,368.2351,300 - 400 mm,Tinggi,385.1565333333333,112.28786666666667,25.22222222222222,90.33333333333331,pepaya
-7.8,110.25,85% - 115%,FEB,Daerah Istimewa Yogyakarta,Normal,103.5485,300 - 400 mm,Tinggi,353.7635,115% - 150%,DES,Atas Normal,121.4171,Tinggi,300 - 400 mm,323.614,85% - 115%,JAN,Normal,107.3326,322.6204,300 - 400 mm,Tinggi,333.3326333333334,110.76606666666667,24.726495726495727,89.72649572649573,pepaya
-7.8,110.3,85% - 115%,FEB,Daerah Istimewa Yogyakarta,Normal,105.6163,300 - 400 mm,Tinggi,383.0375,115% - 150%,DES,Atas Normal,121.3159,Tinggi,300 - 400 mm,314.4348,85% - 115%,JAN,Normal,108.6835,341.2409,300 - 400 mm,Tinggi,346.2377333333334,111.8719,24.726495726495727,89.72649572649573,pepaya
-7.8,110.45,85% - 115%,FEB,Daerah Istimewa Yogyakarta,Normal,110.2026,300 - 400 mm,Tinggi,391.9952,115% - 150%,DES,Atas Normal,121.0951,Tinggi,300 - 400 mm,381.1311,85% - 115%,JAN,Normal,113.448,377.9702,300 - 400 mm,Tinggi,383.69883333333337,114.91523333333332,24.726495726495727,89.72649572649573,pepaya
-7.8,110.5,85% - 115%,FEB,Daerah Istimewa Yogyakarta,Normal,110.4924,300 - 400 mm,Tinggi,365.3521,115% - 150%,DES,Atas Normal,122.6724,Tinggi,300 - 400 mm,361.5813,115% - 150%,JAN,Atas Normal,115.0819,357.6515,300 - 400 mm,Tinggi,361.5283,116.08223333333336,24.726495726495727,89.72649572649573,pepaya
-7.75,110.25,85% - 115%,FEB,Daerah Istimewa Yogyakarta,Normal,107.744,300 - 400 mm,Tinggi,358.4499,115% - 150%,DES,Atas Normal,122.8797,Tinggi,300 - 400 mm,335.0874,85% - 115%,JAN,Normal,109.418,353.2039,300 - 400 mm,Tinggi,348.9137333333333,113.34723333333334,24.726495726495727,89.72649572649573,pepaya
-7.75,110.3,85% - 115%,FEB,Daerah Istimewa Yogyakarta,Normal,109.4883,400 - 500 mm,Tinggi,414.5392,115% - 150%,DES,Atas Normal,122.8293,Tinggi,300 - 400 mm,369.4163,85% - 115%,JAN,Normal,110.6672,391.5183,300 - 400 mm,Tinggi,391.8246,114.32826666666666,24.726495726495727,89.72649572649573,pepaya
-7.75,110.35,85% - 115%,FEB,Daerah Istimewa Yogyakarta,Normal,109.774,400 - 500 mm,Tinggi,437.633,115% - 150%,DES,Atas Normal,122.7683,Tinggi,400 - 500 mm,400.2102,85% - 115%,JAN,Normal,113.6991,408.3689,400 - 500 mm,Tinggi,415.4040333333333,115.4138,24.726495726495727,89.72649572649573,pepaya
-7.75,110.4,85% - 115%,FEB,Daerah Istimewa Yogyakarta,Normal,110.8979,400 - 500 mm,Tinggi,443.9969,115% - 150%,DES,Atas Normal,123.5739,Tinggi,400 - 500 mm,430.9829,85% - 115%,JAN,Normal,114.9349,431.8479,400 - 500 mm,Tinggi,435.6092333333333,116.4689,24.726495726495727,89.72649572649573,pepaya
-7.75,110.45,85% - 115%,FEB,Daerah Istimewa Yogyakarta,Normal,110.7186,400 - 500 mm,Tinggi,408.6382,115% - 150%,DES,Atas Normal,123.0946,Tinggi,300 - 400 mm,389.3118,115% - 150%,JAN,Atas Normal,116.6354,409.631,400 - 500 mm,Tinggi,402.527,116.8162,24.726495726495727,89.72649572649573,pepaya
-7.7,110.3,85% - 115%,FEB,Daerah Istimewa Yogyakarta,Normal,111.7206,400 - 500 mm,Tinggi,426.6026,115% - 150%,DES,Atas Normal,125.8277,Tinggi,400 - 500 mm,444.8918,115% - 150%,JAN,Atas Normal,116.7122,435.2083,400 - 500 mm,Tinggi,435.56756666666666,118.08683333333332,24.726495726495727,89.72649572649573,pepaya
-7.7,110.35,85% - 115%,FEB,Daerah Istimewa Yogyakarta,Normal,112.6523,400 - 500 mm,Tinggi,488.3714,115% - 150%,DES,Atas Normal,126.1971,Tinggi,400 - 500 mm,482.7685,115% - 150%,JAN,Atas Normal,117.0674,476.8353,400 - 500 mm,Tinggi,482.6584,118.63893333333334,24.726495726495727,89.72649572649573,pepaya
-7.7,110.4,85% - 115%,FEB,Daerah Istimewa Yogyakarta,Normal,112.5148,400 - 500 mm,Tinggi,482.9351,115% - 150%,DES,Atas Normal,125.7436,Tinggi,400 - 500 mm,463.8254,115% - 150%,JAN,Atas Normal,117.6021,473.7226,400 - 500 mm,Tinggi,473.4943666666666,118.62016666666666,24.726495726495727,89.72649572649573,pepaya
-7.7,110.45,85% - 115%,FEB,Daerah Istimewa Yogyakarta,Normal,112.0601,400 - 500 mm,Tinggi,450.7403,115% - 150%,DES,Atas Normal,126.5855,Tinggi,400 - 500 mm,402.383,115% - 150%,JAN,Atas Normal,118.4859,459.6489,400 - 500 mm,Tinggi,437.5907333333333,119.04383333333334,24.726495726495727,89.72649572649573,pepaya
-7.65,110.35,85% - 115%,FEB,Daerah Istimewa Yogyakarta,Normal,114.0477,400 - 500 mm,Tinggi,488.1723,115% - 150%,DES,Atas Normal,128.8945,Sangat Tinggi,> 500 mm,536.8662,115% - 150%,JAN,Atas Normal,119.8169,500.5842,> 500 mm,Sangat Tinggi,508.5409,120.9197,24.726495726495727,89.72649572649573,pepaya
-7.65,110.4,85% - 115%,FEB,Daerah Istimewa Yogyakarta,Normal,113.025,> 500 mm,Sangat Tinggi,512.3278,115% - 150%,DES,Atas Normal,128.395,Tinggi,400 - 500 mm,492.0216,115% - 150%,JAN,Atas Normal,118.9849,507.5544,> 500 mm,Sangat Tinggi,503.96793333333335,120.13496666666668,24.726495726495727,89.72649572649573,pepaya
-7.65,110.45,85% - 115%,FEB,Daerah Istimewa Yogyakarta,Normal,111.5714,400 - 500 mm,Tinggi,487.7821,115% - 150%,DES,Atas Normal,127.0468,Tinggi,400 - 500 mm,455.3132,115% - 150%,JAN,Atas Normal,118.0734,495.7184,400 - 500 mm,Tinggi,479.6045666666666,118.8972,24.726495726495727,89.72649572649573,pepaya
-7.6,110.4,85% - 115%,FEB,Daerah Istimewa Yogyakarta,Normal,112.9681,> 500 mm,Sangat Tinggi,516.7715,115% - 150%,DES,Atas Normal,128.9115,Sangat Tinggi,> 500 mm,527.7237,115% - 150%,JAN,Atas Normal,118.213,507.6429,> 500 mm,Sangat Tinggi,517.3793666666667,120.03086666666664,24.726495726495727,89.72649572649573,pepaya
-7.6,110.45,85% - 115%,FEB,Daerah Istimewa Yogyakarta,Normal,112.103,> 500 mm,Sangat Tinggi,502.0006,115% - 150%,DES,Atas Normal,128.6726,Tinggi,400 - 500 mm,499.9884,115% - 150%,JAN,Atas Normal,117.7104,506.6452,> 500 mm,Sangat Tinggi,502.87806666666665,119.49533333333332,24.726495726495727,89.72649572649573,pepaya
-7.55,110.45,85% - 115%,FEB,Daerah Istimewa Yogyakarta,Normal,112.2778,400 - 500 mm,Tinggi,498.7515,115% - 150%,DES,Atas Normal,129.37,Sangat Tinggi,> 500 mm,547.1373,115% - 150%,JAN,Atas Normal,116.6899,510.3973,> 500 mm,Sangat Tinggi,518.7620333333333,119.4459,24.726495726495727,89.72649572649573,pepaya
